Input,Text
LANCÔME Advanced Génifique Youth Activating Serum Duo,"Water, Bifida Ferment Lysate, Glycerin, Alcohol Denat., Dimethicone, Hydroxyethylpiperazine Ethane Sulfonic Acid, Ascorbyl Glucoside, Sodium Hyaluronate, Sodium Hydroxide, Sodium Benzoate, Phenoxyethanol, Adenosine, Faex Extract/Yeast Extract/Extrait De Levure, Peg-20 Methyl Glucose Sesquistearate, Peg-60 Hydrogenated Castor Oil, Salicyloyl Phytosphingosine, Ammonium Polyacryldimethyltauramide/Ammonium Polyacryloyldimethyl Taurate, Limonene, Xanthan Gum, Caprylyl Glycol, Disodium Edta, Octyldodecanol, Citronellol, Fragrance."
PHILOSOPHY Purity Made Simple Hydra-Bounce Eye Gel,"Water, Glycerin, Caprylic/Capric Triglyceride, Butylene Glycol, Peg-240/Hdi Copolymer Bis-Decyltetradeceth-20 Ether, Limnanthes Alba (Meadowfoam) Seed Oil, Polyglyceryl-2 Diisostearate, Polysorbate 20, Butyrospermum Parkii (Shea) Butter Extract, Phenoxyethanol, Olea Europaea (Olive) Fruit Oil, Tocopheryl Acetate, Bisabolol, Cetearyl Olivate, Cyclopentasiloxane, Sorbitan Olivate, Caffeine, Panthenol, Propylene Glycol, Creatine, Dimethiconol, Salvia Hispanica Seed Oil, Acrylates/C10-30 Alkyl Acrylate Crosspolymer, Peg-8, Lecithin, Cyclohexasiloxane, Hydrogenated Lecithin, Ascorbyl Glucoside, Bht, Disodium Edta, Ginkgo Biloba Leaf Extract, Sodium Hydroxide, Tocopherol, Aesculus Hippocastanum (Horse Chestnut) Seed Extract, Glucose, Lactic Acid, Chlorphenesin, Alcohol Denat., Ascorbyl Palmitate, Pantolactone, Potassium Sorbate, Camellia Sinensis Leaf Extract, Coffea Arabica (Coffee) Seed Extract, Pongamia Pinnata Seed Extract, Sorbic Acid, Citric Acid, Ascorbic Acid, Sodium Benzoate, Angelica Archangelica Root Extract, Citrus Aurantium Amara (Bitter Orange) Peel Extract, Maltodextrin, Polyglyceryl-3 Diisostearate, Magnesium Aluminum Silicate, Xanthan Gum, Farnesol, Caprylyl Glycol, Sclerotium Gum, Fd&C Yellow No. 5 (Ci 19140)."
PETER THOMAS ROTH Oily Problem Skin Instant Mineral Powder SPF 30,"Titanium Dioxide 13.65%, Zinc Oxide 14.70%, Illite, Silica, Barium Sulfate, Tapioca Starch, Aluminum Starch Octenylsuccinate, Aluminum Hydroxide, Stearic Acid, Salicylic Acid, Salix Alba (Willow) Bark Extract, Retinyl Palmitate (Vitamin A), Ascorbyl Palmitate (Vitamin C), Tocopheryl Acetate (Vitamin E), Dimethicone/Vinyl Dimethicone Crosspolymer, Magnesium Myristate, Kaolin, Maltodextrin, Triethoxycaprylylsilane, Water, Butylene Glycol, Chlorphenesin, Potassium Sorbate, Tetrasodium EDTA. MayContain: Mica, Bismuth Oxychloride, Iron Oxides, Manganese Violet, Chromium Oxide Greens, Chromium Hydroxide Green, Ferric Ferrocyanide, Aluminum Powder, Carmine."
INDIE LEE Clearing Mask,"Water, Bentonite, Zinc Oxide, Colloidal Sulfur, Propanediol, Glycolic Acid, Salicylic Acid, Hyaluronic Acid, Camphor, Cetyl Alcohol, Glyceryl Stearate, Chondrus Crispus Extract, Anthemis Nobilis Flower Extract, Titanium Dioxide, Limonene, Ethylhexylglycerin, Potassium Sorbate."
AMOREPACIFIC Resort Collection Sun Protection Mist Broad Spectrum SPF 30 Sunscreen,"Polyethylene, Isopropyl Palmitate, Polymethylsilsesquioxane, Homosalate, Octocrylene, Phenyl Trimethicone, Squalane, Butyloctyl Salicylate, Helianthus Annuus (Sunflower) Seed Wax, Ethylhexyl Salicylate, Ricinus Communis (Castor) Seed Oil, Butyl Methoxydibenzoylmethane, Phyllostachis Bambusoides Juice, Portulaca Oleracea Extract, Prunus Mume Fruit Extract, Camellia Sinensis Seed Oil, Glyceryl Caprylate, Butylene Glycol, Alcohol, Fragrance."
PETER THOMAS ROTH PROfessional Strength 40% Triple Acid Peel,"Water, Glycolic Acid, Sodium Hydroxide, Arginine, Pentylene Glycol, Sodium Pca, Polysorbate 20, Soyethyl Morpholinium Ethosulfate, Sodium Acrylate/Sodium Acryloyldimethyl Taurate Copolymer, 4-T-Butylcyclohexanol, Cyclodextrin, Glycerin, Mandelic Acid, Myristyl Alcohol, Salicylic Acid, Sodium Hyaluronate, Tocopherol, Ascorbyl Palmitate, Cholesterol, Lecithin, Isohexadecane, Methyldihydrojasmonate, Glyceryl Undecylenate, Sucrose Tetrastearate Triacetate, Hydroxyphenyl Propamidobenzoic Acid, Zea Mays (Corn) Oil, Sodium Borate, Xantham Gum, Polysorbate 80, Sorbitan Oleate, Dipropylene Glycol, Butylene Glycol, Phenoxyethanol, Mica."
FRESH Lotus Youth Preserve Rescue Mask,"Water, Glycerin, Propylene Glycol Dicaprylate/Dicaprate, Pentylene Glycol, Cetearyl Alcohol, Lithothamnion Calcareum Powder, Caprylic/Capric Triglyceride, Cetearyl Isononanoate, Betaine, Polyacrylate Crosspolymer-6, Steareth-21, Laminaria Saccharina Extract, Cocos Nucifera (Coconut) Shell Powder, Nelumbo Nucifera Seed Powder, Citrus Limon (Lemon) Peel Oil, Cucumis Sativus (Cucumber) Fruit Extract, Ficus Carica (Fig) Fruit Extract, Averrhoa Carambola Leaf Extract, Crithmum Maritimum Extract, Nelumbo Nucifera Flower Extract, Hibiscus Esculentus Fruit Extract, Tocopheryl Acetate, Ascorbyl Tetraisopalmitate, Tocopherol, Behenyl Alcohol, Cetearyl Glucoside, Dimethicone, Caprylyl Glycol, Butylene Glycol, Cetyl Alcohol, Sodium Polyacrylate Starch, Stearyl Alcohol, Disodium EDTA, Sodium Hyaluronate, BHT, Tetrasodium EDTA, Hydrogenated Vegetable Oil, Caramel, Xanthan Gum, Sorbic Acid, Phenoxyethanol, Limonene, Citral."
ORIGINS A Perfect World™ SPF 20 Age-Defense Eye Cream with White Tea,"Titanium Dioxide 5.7%, Zinc Oxide 3.8%Water, Isocetyl Stearoyl Stearate, Butylene Glycol, C12-15 Alkyl Benzoate, Cetyl Alcohol, Butyrospermum Parkii (Shea Butter), Laureth-4, Dimethicone, Trehalose, Polyethylene, Peg-100 Stearate, Cetyl Esters, Camellia Sinensis (White Tea) Leaf Extract, Sigesbeckia Orientalis (St. Paul'S Wort) Extract, Vaccinium Macrocarpon (Cranberry) Fruit Extract, Vaccinium Angustifolium (Blueberry) Fruit Extract, Solanum Tuberosum (Potato) Pulp Extract, Opuntia Tuna Extract, Lycium Chinense (Wolfberry) Fruit Extract, Eriobotrya Japonica (Loquat) Leaf Extract, Molasses Extract/Saccharum Officinarum/Extrait De Melasse, Betula Alba (Birch) Bark Extract, Passiflora Incarnata Flower Extract, Lythrum Salicaria Extract, Saccharomyces Lysate Extract, Phytosphingosine, Aminopropyl Ascorbyl Phosphate, Leontopodium Alpinum Extract, Algae Extract, Sodium Hyaluronate, Yeast Extract/Faex/Extrait De Levure, Boswellia Serrata Extract, Astrocaryum Murumuru Seed Butter, Ergothioneine, Oryzanol, Hydroxyethyl Acrylate/Sodium Acryloyldimethyl Taurate Copolymer, Lauric Acid, Glycerin, Squalane, Tocopheryl Acetate, Isostearic Acid, Caprylyl Glycol, Polyhydroxystearic Acid, Polysorbate 60, Sodium Pca, Urea, Sodium Phytate, Aluminum Hydroxide, Tromethamine, Hexylene Glycol, Polyquaternium-51, Lecithin, Bht, Phenoxyethanol, Mica, Iron Oxides (Ci 77491, Ci 77492, Ci 77499) Please be aware that ingredient lists may change or vary from time to time.� Please refer to the ingredient list on the product package you receive for the most up to date list of ingredients."
KORRES Wild Rose Exfoliating Cleanser,"Water, Aloe Barbadensis Leaf Juice, Sodium Cocoyl Isethionate, Coco-Betaine, Cetearyl Alcohol, Disodium Lauryl Sulfosuccinate, Zea Mays (Corn) Starch, Oryza Sativa (Rice) Powder, Glycerin, Betaine, Sodium Methyl Cocoyl Taurate, Magnesium Aluminum Silicate, Prunus Cerasus (Bitter Cherry) Shell Powder, Inulin, Sclerotium Gum, Acer Saccharum (Sugar Maple) Extract, Ascorbyl Palmitate, Benzyl Salicylate, Citronellol, Citrus Aurantium Dulcis (Orange) Fruit Extract, Citrus Limon (Lemon) Fruit Extract, Ethylhexylglycerin, Fragrance, Galactoarabinan, Helianthus Annuus (Sunflower) Seed Oil, Hexyl Cinnamal, Hydrogenated Castor Oil, Hydrogenated Starch Hydrolysate, Hydroxycitronellal, Hydroxyisohexyl 3-Cyclohexene Carboxaldehyde, Lecithin, Maltooligosyl Glucoside, Phenoxyethanol, Rosa Canina Fruit Extract, Rosa Canina Fruit Oil, Rosa Rubiginosa Seed Oil, Saccharum Officinarum (Sugar Cane) Extract, Salicylic Acid, Tetrasodium Glutamate Diacetate, Titanium Dioxide, Tocopherol, Vaccinium Myrtillus Fruit/Leaf Extract."
LANCÔME Énergie de Vie The Illuminating & Anti-Fatigue Cooling Eye Gel,"Water, Glycerin, Alcohol Denat., Niacinamide, Melissa Officinalis Flower/Leaf/Stem Water, Dimethicone, Betaine, Isononyl Isononanoate, Ci 77891, Titanium Dioxide, Ci 19140, Yellow 5, Ci 42090, Blue 1, T-Butyl Alcohol, Tocopherol, Mica, Vaccinium Macrocarpon (Cranberry) Seed Oil, Ascorbyl Glucoside, Sodium Acrylates Crosspolymer-2, Phenoxyethanol, Caffeine, Arginine, Trisodium Ethylenediamine Disuccinate, Chlorphenesin, Silica Silylate, Salicylic Acid, Silica, Melissa Officinalis Leaf Oil, Ammonium Polyacryloyldimethyl Taurate, Dimethiconol, Limonene, Xanthan Gum, Menthoxypropanediol, Panax Ginseng Root Extract Propanediol, Phospholipids, Biosaccharide Gum-1, Carbomer, Citric Acid, Citral, Dextrin, Oryza Sativa Extract, Rice Extract, Fragrance."
MDSOLARSCIENCES Mineral Sunscreen Stick Broad Spectrum SPF 40 UVA-UVB Sunscreen,"Polyethylene, Dimethicone, Butyrospermum Parkii (Shea) Butter, Petrolatum, Butyloctyl, Salicylate, C12-15 Alkyl Benzoate, Undecylcrylene Dimethicone, Neopentyl Glycol Diheptanoate, Acrylates/Ethylhexyl Acrylate/Dimethicone Methacrylate Copolymer, Behenyl Olivate, Aluminum Hydroxide, Stearic Acid, Glyceryl Isostearate, Beeswax, Polyhydroxystearic Acid, Cetyl PEG/PPG-10/1 Dimethicone, BHT, Benzylidene Dimethoxydimethylindanone, Tetrahexyldecyl Ascorbate."
FOREO Shimmer Freak Mask,"Polyethylene, Dimethicone, Butyrospermum Parkii (Shea) Butter, Petrolatum, Butyloctyl, Salicylate, C12-15 Alkyl Benzoate, Undecylcrylene Dimethicone, Neopentyl Glycol Diheptanoate, Acrylates/Ethylhexyl Acrylate/Dimethicone Methacrylate Copolymer, Behenyl Olivate, Aluminum Hydroxide, Stearic Acid, Glyceryl Isostearate, Beeswax, Polyhydroxystearic Acid, Cetyl PEG/PPG-10/1 Dimethicone, BHT, Benzylidene Dimethoxydimethylindanone, Tetrahexyldecyl Ascorbate."
ORIGINS United State™ Balancing Tonic,"Water; Lavandula Angustifolia (Lavender) Flower Extract, Anthemis Nobilis (Chamomile) Flower Extract, Alcohol Denat., Butylene Glycol, Anthemis Nobilis Flower Oil*, Mentha Viridis (Spearmint) Leaf Oil*, Pelargonium Graveolens Flower Oil*, Lavandula Hybrida Oil*, Citrus Aurantium Bergamia (Bergamot) Fruit Oil*, Styrax Benzoin Gum, Geraniol, Linalool, Citronellol, Eugenol, Limonene, Hamamelis Virginiana (Witch Hazel) Extract, Oryza Sativa (Rice) Bran Extract, Cladosiphon Okamuranus Extract, Laminaria Saccharina Extract, Eugenia Caryophyllus (Clove) Flower Extract, Hydrolyzed Soy Protein, Hydrolyzed Wheat Protein, Hydrolyzed Corn Protein, Coconut Acid, Jojoba Wax Peg-120 Esters, Caffeine, Glycerin, Polyquaternium-7, Sodium Hyaluronate, Dextrin, Yeast Extract/Faex/Extrait De Levure, Disodium Edta, Phenoxyethanol * Essential Oil Please be aware that ingredient lists may change or vary from time to time.� Please refer to the ingredient list on the product package you receive for the most up to date list of ingredients."
MURAD Invisiblur™ Perfecting Shield Broad Spectrum SPF 30 PA+++,"Isododecane, Dimethicone/Bis-Isobutyl PPG-20 Crosspolymer, Caprylyl Methicone, Caprylic/Capric Triglyceride, Phenyl Trimethicone, Diethylhexyl 2,6-Naphthalate, Propylene Glycol Dicaprate, Hydrogenated Soybean Oil, Hydrogenated Soy Polyglycerides, C15-23 Alkane, Helianthus Annuus (Sunflower) Seed Cake, Ribes Nigrum (Black Currant) Seed Extract, Octyldodecanol, Octyldodecyl Oleate, PEG -8 Dimethicone, Octyldodecyl Stearoyl Stearate, Alcohol, Hordeum Vulgare (Barley) Extract, Butylene Glycol, Lentinus Edodes (Shiitake Mushroom) Extract, Mucor Miehei Extract, Paeonia Suffruticosa Root Extract, Ascorbic Acid, Tocopheryl Acetate, Retinyl Palmitate, Silica, Sodium Propoxyhydroxypropyl Thiosulfate Silica, Cucumis Sativus (Cucumber) Fruit Extract, Rosmarinus Officinalis (Rosemary) Leaf Extract, Solidago Virgaurea (Goldenrod) Extract, Benzyl Benzoate, Citral, Hexyl Cinnamal, Hydroxyisohexyl 3-Cyclohexene Carboxaldehyde, Limonene, Linalool, Fragrance."
PERRICONE MD H2 Elemental Energy Hydrating Booster Serum,"Water, Methyl Gluceth-20, Ascorbyl Glucoside, Betaine, Ectoin, Hydrolyzed Sodium Hyaluronate, Dipotassium Glycyrrhizate, Sea Whip Extract, Lactobacillus Ferment, Panthenol, Sodium Hyaluronate, Tocopherol, Saccharide Isomerate, Allantoin, 1,2-Hexandiol, Acrylates/Vinyl Isodecanoate Crosspolymer, Butylene Glycol, Caprylyl Glycol, Polysorbate 20, Potassium Hydroxide, Sodium Borohydride, Trisodium Ethylene diamine Disuccinate, Phosphatidycholine."
OMOROVICZA Silver Skin Savior Salicylic/Glycolic Acid Treatment,"Glycerin, Water, Glycolic Acid, Niacinamide, Cetearyl Olivate, Propanediol, Sorbitan Olivate, Yeast Extract, Sodium Hydroxide, Salicylic Acid, Lactic Acid, Parfum (Fragrance), Colloidal Silver, Xanthan Gum, Behenyl Alcohol, Butyrospermum Parkii (Shea Butter), Leuconostoc/Radish Root Ferment Filtrate, Phospholipids, Hydrogenated Castor Oil, Stearyl Alcohol, Protease, Subtilisin, Geraniol, Citronellol, Linalool."
LANEIGE Lip Sleeping Mask,"Diisostearyl Malate, Hydrogenated Polyisobutene, Phytosteryl, Isostearyl, Cetyl, Stearyl, Behenyl Dimer Dilinoleate, Hydrogenated Poly(C6-14 Olefin), Polybutene, Microcrystalline Wax, Cera Microcristallina, Cire Microcristalline, Butyrospermum Parkii (Shea) Butter, Synthetic Wax, Euphorbia Cerifera (Candelilla) Wax, Candelilla Cera, Cire de Candelilla, Sucrose Tetrastearate Triacetate, Butylene, Ethylene, Styrene Copolymer, Ethylene, Propylene, Styrene Copolymer, Mica (CI 77019), Astrocaryum Murumuru Seed Butter, Titanium Dioxide (CI 77891), Dimethicone, Fragrance, Parfum, Polyglyceryl-2 Diisostearate, Dehydroacetic Acid, Methicone, Copernicia Cerifera (Carnauba) Wax, Cera Carnauba, Cire de Carnauba, Polyglyceryl-2 Triisostearate, Yellow 6 Lake (CI 15985), Red 6 (CI 15850), Polyhydroxystearic Acid, Water, Potassium Alginate, Propanediol, Glycerin, Alcohol, Lycium Chinense Fruit Extract, Vaccinium Macrocarpon (Cranberry) Fruit Extract, Fragaria Chiloensis (Strawberry) Fruit Extract, Rubus Idaeus (Raspberry) Fruit Extract, Sapindus Mukorossi Fruit Extract, Vaccinium Angustifolium (Blueberry) Fruit Extract, Rubus Chamaemorus Seed Extract, Coffea Arabica (Coffee) Seed Extract, Chenopodium Quinoa Seed Extract, Magnesium Sulfate, Calcium Chloride, Sodium Hyaluronate, Beta-Glucan, Manganese Sulfate, Zinc Sulfate, Ascorbyl Glucoside."
BOSCIA Charcoal Pore-Minimizing Bio-Cellulose Mask,"Water, Dipropylene Glycol, Glycerin, Isopentyldiol, Betaine, 1,2-Hexanediol, Hydroxyacetophenone, Polyglyceryl-10 Laurate, Hydroxyethyl Urea, Hydroxyethyl Acrylate/Sodium Acryloyldimethyl Taurate Copolymer, Acrylates/C10-30 Alkyl Acrylate Crosspolymer, Arginine, Trehalose, Allantoin, Cocos Nucifera (Coconut) Water, Cocos Nucifera (Coconut) Fruit Juice, Butylene Glycol, Dipotassium Glycyrrhizate, Sodium Hyaluronate, Beta-Glucan, Melaleuca Alternifolia (Tea Tree) Leaf Oil, Polysorbate 60, Sorbitan Isostearate, Charcoal Extract."
KIEHL'S SINCE 1851 Blue Herbal Spot Treatment,"Water, Alcohol Denat., Glycerin, Butylene Glycol, Methyl Methacrylate Crosspolymer, Ammonium Polyacryloyldimethyl Taurate, Perlite, Nylon-12, Dipropylene Glycol, Xanthan Gum, Peumus Boldus Leaf Extract, Boswellia Serrata Extract, Hamamelis Virginiana (Witch Hazel) Water, T-Butyl Alcohol, Camphor, Menthol, Zingiber Officinale (Ginger) Root Extract, Sanguisorba Officinalis Root Extract, Cinnamomum Cassia Bark Extract, Phenoxyethanol, Cinnamal, Laminaria Saccharina Extract, Zinc Sulfate, Pyridoxine HCL, Sodium Hydroxide, Citric Acid."
TARTE Tight & Bright Clay Multi-Mask,"Water, Glycerin, Mica, Carbomer, Phenoxyethanol, Xylitylglucoside, Anhydroxylitol, Sodium Hyaluronate, Sodium Pca, Butylene Glycol, Sodium Hydroxide, Xylitol, Chamomilla Recutita (Matricaria) Flower Extract, Ethylhexylglycerin, Kaolin, Silica, Boerhavia Diffusa Root Extract, Sodium Carbonate, Tin Oxide, (+/-):Titanium Dioxide (Ci 77891), Iron Oxides (Ci 77491), Manganese Violet (Ci 77742)."
LANCER Caviar Lime Acid Peel,"Water, Glycolic Acid, Sodium Hydroxide, Phytic Acid, Glyceryl Stearate, PEG-100 Stearate, Galactoarabinan, Caprylic/Capric Triglyceride, Dimethyl Isosorbide, Ethoxydiglycol, Neopentyl Glycol Diethylhexanoate, Stearyl Alcohol, Propanediol, Polyacrylate Crosspolymer-6, Glycerin, Maltodextrin, Sodium Ascorbate, Retinol, Oryza Sativa (Rice) Bran Extract, Citrus Grandis (Grapefruit) Peel Oil, Rosmarinus Officinalis (Rosemary) Leaf Oil, Helianthus Annuus (Sunflower) Seed Extract, Rosmarinus Officinalis (Rosemary) Leaf Extract, Microcitrus Australasica Fruit Extract, Citrus Aurantifolia (Lime) Oil, Citrus Aurantium Dulcis (Orange) Peel Oil, Mentha Piperita (Peppermint) Oil, Eucalyptus Globulus Leaf Oil, Allantoin, Bromelain, Papain, Tocopherol, Dimethicone, Polymethylsilsesquioxane, Vanillyl Butyl Ether, Ethylhexylglycerin, HDI/Trimethylol Hexyllactone Crosspolymer, Xanthan Gum, Disodium EDTA, Benzyl Alcohol, Menthoxypropanediol, Limonene, Linalool."
FARSÁLI Unicorn Essence Antioxidant Primer Serum,"Water, Propanediol, Glycerin, Polysorbate 20, Glyceryl Polyacrylate, Euterpe Oleracea (Açaí) Fruit Extract, Vaccinium Angustifolium (Blueberry) Fruit Extract, Lycium Barbarum (Goji) Fruit Extract, Sambucus Nigra (Elder Berry) Fruit Extract, Tamarindus Indica Seed Polysaccharide, Phenoxyethanol, Ethylhexylglycerin, Hydroxyethyl Acrylate/Sodium Acryloyldimethyl Taurate Copolymer, Vanilla Planifolia Fruit Extract, Citrus Aurantium Bergamia (Bergamot) Fruit Oil, Citrus Paradisi (Grapefruit) Peel Oil, Red 33, Red 4, Blue 1, Mica, Titanium Dioxide."
GLAMGLOW SUPERMUD® Activated Charcoal Treatment,"Water, Kaolin, Magnesium Aluminum Silicate, Mandelic Acid, Carbon, Eucalyptus Globulus Leaf, Tartaric Acid, Pyruvic Acid, Lactic Acid, Salicylic Acid, Glycolic Acid, Eucalyptus Globulus Leaf Powder, Aloe Barbadensis Leaf Juice, Glycyrrhiza Glabra (Licorice) Root Extract, Cucumis Sativus (Cucumber) Fruit Extract, Hedera Helix (Ivy) Extract, Symphytum Officinale (Comfrey) Leaf Extract, Chamomilla Recutita (Matricaria) Extract, Peg-12 Dimethicone, Caprylyl Glycol, Sodium Hydroxide, Butylene Glycol, Mentha Piperita (Peppermint) Oil, Hectorite, Hexylene Glycol, Glycerin, Calendula Officinalis Extract, Maltodextrin, Ethylhexylglycerin, Xanthan Gum, Fragrance, Limonene, Benzyl Benzoate, Linalool, Phenoxyethanol, Potassium Sorbate, Sodium Benzoate, Iron Oxides (Ci 77499)"
HERBIVORE Pink Cloud Rosewater Moisture Crème,"Water, Aloe Barbadensis (Aloe Vera) Leaf Juice, Helianthus Annuus (Sunflower) Seed Oil, Isoamyl Laurate, Rosa Damascena (Rose) Flower Water, Glyceryl Stearate Citrate, Cetearyl Alcohol, Glyceryl Caprylate, Populus Tremuloides (Aspen) Bark Extract, Aleurites Moluccana (Kukui) Nut Oil, Propanediol, Myrothamnus Flabellifolia Extract, Ascorbic Acid, Citric Acid, Glycerin, Cetearyl Alcohol, Cocos Nucifera (Coconut) Extract, Butyrospermum Parkii (Shea) Nut Butter, Oryza Sativa (Rice) Seed Extract, Camellia Sinensis (White Tea) Leaf Extract, Sodium Hyaluronate, Melia Azadirachta Flower Extract, Corallina Officinalis Extract, Coccinia Indica Fruit Extract, Melia Azadirachta Leaf Extract, Solanum Melongena (Eggplant) Fruit Extract, Aloe Barbadensis Flower Extract, Ocimum Sanctum Leaf Extract, Curcuma Longa (Turmeric) Root Extract, Rosmarinus Officinalis (Rosemary) Leaf Extract, Sclerotium Gum, Rosa Damascena (Rose) Flower Oil, Xanthan Gum, Sodium Phytate, Alcohol, Sodium Anisate."
KATE SOMERVILLE Daily Deflector™ Moisturizer Broad Spectrum SPF 50+,"Water, Butylene Glycol, PEG-8, Glycerin, Undecylcrylene Dimethicone, Dimethicone, Polyethylene, Silica, Palmitoyl Oligopeptide, Palmitoyl Tetrapeptide-7, Tocopherol, Aloe Barbadensis Leaf Juice, Lentinus Edodes Extract, Retinyl Palmitate, Trehalose, Triacetin, Tocopheryl Acetate, Sodium Hyaluronate, Methyl Glucose Sesquistearate, Acrylates/C10-30 Alkyl Acrylate Crosspolymer, Bentonite, Ethylhexylglycerin, Sodium Lignosulfonate, Sodium Polyacrylate, Sodium PCA, Urea, Carbomer, Sodium Ascorbyl Phosphate, Sodium Lactate, Polysorbate 20, Sodium Carboxyethylsilanetriol, Titanium Dioxide (CI 77891), Kaolin, Polyquaternium-51, Pentylene Glycol, Aminomethyl Propanol, Disodium EDTA, Benzoic Acid, Potassium Sorbate, Phenoxyethanol, Chlorphenesin."
SK-II Brightening Derm Revival Mask,"Water, Galactomyces Ferment Filtrate (Pitera), Butylene Glycol, Niacinamide, Glycerin, Pentylene Glycol, Ascorbyl Glucoside, Inositol, Acrylates/C10-30 Alkyl Acrylate Crosspolymer, Hexapeptide-11, Sodium Hydroxide, Disodium EDTA, Benzyl Alcohol, Methylparaben, Phenoxyethanol."
DR. DENNIS GROSS SKINCARE Ferulic + Retinol Wrinkle Recovery Overnight Serum,"Water, DiCaprylyl Carbonate, Niacinamide, Cetyl Alcohol, Propanediol, Isostearyl Alcohol, Jojoba Esters, Retinol, Ferulic Acid, Collagen Amino Acids, Sodium Hyaluronate, Hexylresorcinol, Ellagic Acid, Gallic Acid, Silybum Marianum Ethyl Ester, Tocopherol, Phospholipids, Camellia Sinensis Leaf Extract, Linoleic Acid, Linolenic Acid, Mandelic Acid, Lactic Acid, Sodium PCA, Retinyl Palmitate/Carrot Polypeptide, Retinyl Palmitate, Glycerin, Evodia Rutaecarpa Fruit Extract, Helianthus Annuus (Sunflower) Seed Wax, Acacia Decurrens Flower Wax, Glycine Soja (Soybean) Oil, Caprylic/Capric Triglyceride, Polyglycerin-3, Tricaprylin, Acrylates/Carbamate Copolymer, Butylene Glycol, BHT, Butylene Glycol Cocoate, Acrylates/C10-30 Alkyl Acrylate Crosspolymer, Polymethyl Methacrylate, Xanthan Gum, Ethylcellulose, Disodium EDTA, Sodium Hydroxide, Citrus Aurantium Bergamia (Bergamot) Fruit Extract, Citrus Limon (Lemon) Peel Extract, Lavandula Angustifolia (Lavender) Flower/Leaf/Stem Extract, Octoxynol-9, Phenoxyethanol."
SKIN INC SUPPLEMENT BAR Vitamin A Serum EVEN TONE & REDUCE DARK CIRCLES,"Water, Butylene Glycol, Glycerin, Pentylene Glycol, Potassium Hydroxide, Carbomer, Polysorbate 80, Phenoxyethanol, Retinyl Palmitate, Corn (Zea Mays) Oil, Alcaligenes Polysaccharides, Titanium Dioxide, Iron Oxides, Algin, BHT."
FRESH Sugar Face Polish Exfoliator,"Sucrose, Propylene Glycol Dicaprylate/Dicaprate, PEG-7 Glyceryl Cocoate, Stearalkonium Hectorite, Fragaria Vesca (Strawberry) Fruit Extract, Euphorbia Cerifera (Candelilla) Wax, Mangifera Indica (Mango) Seed Butter, Propylene Carbonate, Parfum (Fragrance), Limonene, Limnanthes Alba (Meadowfoam) Seed Oil, Vitis Vinifera (Grape) Seed Oil, Prunus Domestica Seed Oil, Fructose, Glucose, Tocopheryl Acetate, Caramel, Glycerin, Aqua (Water), Potassium Sorbate, BHT, Citral."
YOUTH TO THE PEOPLE Superberry Hydrate + Glow Oil,"Helianthus Annuus (Sunflower) Seed Oil*, Dicapryl Carbonate, Simmondsia Chineses (Jojoba) Seed Oil*, Opuntia Tuna Extract(Prickly Pear), Euterpe Oleracea Fruit Extract (Acai), Lycium Barbarum (Goji) Extract, Aristotelia Chilensis (Maqui) Fruit Extract, And Moringa Oleifera Leaf Extract , Squalane Olive, Mixed Tocopherols (Vitamin E), Olea Europaea (Olive) Oil*, Linum Usitatissimum (Flaxseed) Oil*, Borago Officinalis (Borage) Oil*, Rosa Canina (Rosehip) Fruit Oil*, Oenothera Biennis (Evening Primrose) Oil*, Punica Granatum (Pomegranate) Seed Oil*, Vaccinium Macrocarpon (Cranberry) Seed Oil*, Natural Fragrance. *Certified Organic."
FARMACY Honey Potion Renewing Antioxidant Hydration Mask with Echinacea GreenEnvy™,"Glycerin, Diglycerin, Polyglyceryl-10 Stearate, Honey Extract, Propolis Extract, Royal Jelly Extract, Panthenol, Caprylic/Capric Triglyceride, Hippophae Rhamnoides Oil, Zingiber Officinale (Ginger) Root Extract, Allantoin, Phenoxyethanol, Echinacea Purpurea Root Extract, Honey, Water, Flavor, Vanillyl Butyl Ether."
CLARISONIC Refreshing Gel Cleanser,"Water, Glycerin, Coco-Betaine, Sodium Cocoyl Glycinate, PEG-120, Methyl Glucose Dioleate, Sodium Chloride Dipropylene Glycol, Lauric Acid, Triethanolamine, Phenoxyethanol, Fragrance, Caprylyl Glycol, Linalool, Limonene, Benzyl Benzoate, Tetrasodium EDTA, Argilla/Magnesium Aluminum Silicate."
DRUNK ELEPHANT The Littles™,"Beste™ No.9 Jelly Cleanser: Water, Sodium Lauroyl Methyl Isethionate, Glycerin, Cocamidopropyl Betaine, Cocamidopropyl Hydroxysultaine, Sodium Methyl Oleoyl Taurate, Propanediol, Aloe Barbadensis Leaf Extract, Coco-Glucoside, Lauryl Glucoside, Cucumis Melo Cantalupensis Fruit Extract, Sclerocarya Birrea Seed Oil, Dipotassium Glycyrrhizate, Citric Acid, Phenoxyethanol, Sodium Benzoate, Sodium Chloride. C-Firma™ Day Serum: Water, Ethoxydiglycol, Ascorbic Acid, Glycerin, Laureth-23, Lactobacillus/Pumpkin Ferment Extract, Sclerocarya Birrea Seed Oil, Ferulic Acid, Sodium Hyaluronate, Chondrus Crispus Extract, Camellia Sinensis Leaf Extract, Lactobacillus/Punica Granatum Fruit Ferment Extract, Glycyrrhiza Glabra (Licorice) Root Extract, Vitis Vinifera (Grape) Juice Extract, Phyllanthus Emblica Fruit Extract, Hydrolyzed Wheat Protein, Tocopherol, Caprylhydroxamic Acid, Acetyl Glucosamine, Hydrolyzed Quinoa, Glutamylamidoethyl Imidazole, Dipotassium Glycyrrhizate, Tetrahydrodiferuloylmethane, Tetrahydrodemethoxydiferuloylmethane, Tetrahydrobisdemethoxydiferuloylmethane, Sodium Hyaluronate Crosspolymer, Glycine, Sucrose, Maltodextrin, Propanediol, Caprylyl Glycol, Sodium Hydroxide, Xanthan gum, Hydroxyethyl Acrylate/Sodium Acryloyldimethyl Taurate Copolymer, Isohexadecane, Polysorbate 60. B-Hydra™ Intensive Hydration Serum: Water,Coconut Alkanes, Ammonium Acryloyldimethyltaurate/VP Copolymer, Glycerin, Pentylene Glycol, Sclerocarya Birrea Seed Oil, Wheat Amino Acids, Ananas Sativus (Pineapple) Fruit Extract, Berberis Vulgaris Root Extract, Citrullus Lanatus (Watermelon) Fruit Extract, Lens Esculenta (Lentil) Fruit Extract, Pyrus Malus (Apple) Fruit Extract, Coco-Caprylate/Caprate, Panthenol, Sodium PCA, Sodium Hyaluronate Crosspolymer, Dipotassium Glycyrrhizate, Niacinamide, Cyclodextrin, Sodium Hyaluronate, Sodium Lactate, Phenoxyethanol, Hydroxyproline, Trisodium Ethylenediamine Disuccinate, Citric Acid, Caprylyl Glycol, Chlorphenesin, Ethylhexylglycerin. T.L.C. Framboos™ Glycolic Night Serum: Water, Glycolic Acid, Butylene Glycol, Glycerin, Sodium Hydroxide, Salicylic Acid, Lactic Acid, Citric Acid, Vitis Vinifera (Grape) Juice Extract, Aloe Barbadensis Leaf Juice, Opuntia Ficus-Indica Extract, Aesculus Hippocastanum (Horse Chestnut) Seed Extract, Camellia Sinensis Leaf Extract, Rubus Idaeus (Raspberry) Fruit Extract, Saccharomyces Cerevisiae Extract, Buddleja Davidii Meristem Cell Culture, Sclerocarya Birrea Seed Oil, Sodium Hyaluronate Crosspolymer, Allantoin, Hydroxyethylcellulose, Galactoarabinan, Propanediol, Disodium EDTA, Xanthan Gum, Hexylene Glycol, Phenoxyethanol, Caprylyl Glycol, Ethylhexylglycerin, Sodium Nitrate, Potassium Sorbate, Pentylene Glycol, Sodium Benzoate. Virgin Marula Luxury Facial Oil: Sclerocarya Birrea Seed OilLala Retro™Whipped CreamWater,Glycerin, Caprylic/ Capric Triglyceride, Isopropyl Isostearate, Pseudozyma Epicola/Camellia Sinensis Seed Oil/Glucose/Glycine Soja Meal/Malt Extract/Yeast Extract Ferment Filtrate (Pseudozyma Epicola/Camellia Sinensis Seed Oil/Glucose/Yeast Extract Ferment Filtrate), Stearic Acid, Glyceryl Stearate SE, Cetearyl Alcohol, Pentylene Glycol, Plantago Lanceolata Leaf Extract, Adansonia Digitata Seed Oil, Citrullus Lanatus (Watermelon) Seed Oil, Passiflora Edulis Seed Oil, Schinziophyton Rautanenii Kernel Oil, Sclerocarya Birrea Seed Oil, Polyglyceryl-6 Ximenia Americana Seedate, Sodium Hyaluronate Crosspolymer, Ceteareth-20, Trisodium Ethylenediamine Disuccinate, Sodium Hydroxide, Citric Acid, Carbomer, Xanthan Gum, Caprylyl Glycol, Chlorphenesin, Phenoxyethanol, Ethylhexylglycerin. Umbra™ Sheer Physical Daily Defense SPF 30: Zinc Oxide 20%, Water, Caprylic/Capric Triglyceride, Dicaprylyl Carbonate, Glycerin,Pentylene Glycol, Steareth-2, Propanediol, Steareth-21, Polyhydroxystearic Acid, Cetearyl Alcohol, Silica, Sclerocarya Birrea Seed Oil, Aloe Barbadensis Leaf Extract, Chondrus Crispus Extract, Haematococcus Pluvialis Extract, Helianthus Annuus (Sunflower) Sprout Extract, Vitis Vinifera (Grape) Juice Extract, Helianthus Annuus (Sunflower) Seed Oil, Simmondsia Chinensis (Jojoba) Seed Oil, Raspberry Seed Oil/Tocopheryl Succinate Aminopropanediol Esters, Hydrolyzed Wheat Protein,Tocopheryl Acetate, Tocopherol, Sea Water, Acetyl Glucosamine, Cetearyl Glucoside, Sodium Stearoyl Glutamate, Tetrahexyldecyl Ascorbate, Glycine, Sucrose, Lecithin, Triethoxycaprylylsilane, Xanthan Gum, Trisodium Ethylenediamine Disuccinate, Caprylhydroxamic Acid, Mica, Caprylyl Glycol, Phenoxyethanol, Titanium Dioxide (CI 77891), Iron Oxides (CI 77491). Shaba Complex™ Eye Serum: Water, Octyldodecanol, Glycerin, Boron Nitride, Saccharomyces/Xylinum/Black Tea Ferment, Coconut Alkanes, Cetyl Alcohol, Cetearyl Olivate, Sorbitan Olivate, Niacinamide, Copper Tripeptide-1, Leontopodium Alpinum Meristem Cell Culture, Dipeptide-2, Palmitoyl Tripeptide-1, Palmitoyl Tetrapeptide-7, Copper Lysinate/Prolinate, Hesperidin Methyl Chalcone, Chondrus Crispus (Carrageenan), Mangifera Indica (Mango) Seed Butter, Glycine Soja (Soybean) Oil, Hippophae Rhamnoides Oil, Sclerocarya Birrea Seed Oil, Sodium Hyaluronate Crosspolymer, Hydroxyethylcellulose, Coco-Caprylate/Caprate, Steareth-20, Lecithin, Panthenol, N-Hydroxysuccinimide, Ubiquinone, Citric Acid, Thioctic Acid, Tocopherol, Chrysin, Sclerotium Gum, Methylglucoside Phosphate, Xanthan Gum, Potassium Sorbate, Sodium Benzoate, Chlorphenesin, Caprylyl Glycol, Sodium Hydroxide, Phenoxyethanol, Pentylene Glycol, Ethylhexylglycerin."
TATA HARPER Restorative Eye Crème,"Aloe barbadensis Leaf Juice*, Water, Carthamus tinctorius (safflower) Oleosomes*, Lavandula angustifolia (Lavender) Flower/leaf/stem Water*, Caprylic/Capric Triglyceride, Glycerin, Olea Europaea (Olive) Oil*, Propanediol, Mangifera Indica (Mango) Seed Butter, Cetearyl alcohol, Cetearyl Olivate, Centella asiatica (Gotu Kola) Extract*, Leuconostoc Ferment Filtrate, Cetearyl glucoside, Pheonix Dactylifera (Date) Seed Extract, Menyanthes Trifoliata Leaf Extract, Polygonum fagopyrum (Buckwheat) Seed Extract, Lavandula stoechas (Spanish Lavender) Extract, Narcissus tazetta (Daffodil) Bulb Extract*, Arnica montana (Arnica) Extract*, Borago officinalis (Borage) Leaf Extract*, Medicago sativa (Alfalfa) Extract*, Spiraea Ulmaria Flower Extract*, Calendula officinalis (Calendula) Flower Extract*, Sambucus Nigra Fruit Extract, Salix alba (Willow) Bark Extract, p-Anisic Acid, Sodium Phytate, Leuconostoc ferment filtrate, Superoxide Dismutase*, Soybean Peroxidase*, Aroma**, Sorbitan Olivate, Oryza sativa (Rice) Extract*, Sclerotium gum, Cetyl Palmitate, Sodium hyaluronate, Sorbitan Palmitate, Hydrogenated Vegetable Oil, Citral, Citronellol, Eugenol, Geraniol, Limonene, Linalool."
DR. BRANDT SKINCARE 2% Retinol Complex Serum,"Water, Glycerin, Dicaprylyl Carbonate, Isoamyl Laurate, Cyclopentasiloxane, Butyrospermum Parkii (Shea) Butter, Shea Butter Cetyl Esters, Triheptanoin, Tocopherol, Phenoxyethanol, Behenyl Alcohol, Methylpropanediol, Glyceryl Stearate Citrate, Polysorbate 20, Sodium Acrylates Copolymer, Retinol, Glyceryl Stearate, Simmondsia Chinensis (Jojoba) Seed Oil, Xanthan Gum, Betaine, Polyglyceryl-3 Stearate, Citrus Paradisi (Grapefruit) Peel Oil, Lavandula Angustifolia (Lavender) Oil, Limonene, Chlorphenesin, Caprylyl Glycol, Caprylic/Capric Triglyceride, Lecithin, Glycine Soja (Soybean) Sterols, Hydrogenated Lecithin, Maslinic Acid, Lysolecithin, Phenylpropanol, Bht, Sodium Phytate, Dimethiconol, Hydrogenated Polyisobutene, Mel (Honey/Miel), Pectin, Phospholipids, Polyglyceryl-10 Stearate, Helianthus Annuus(Sunflower) Seed Oil, Glycine Soja (Soybean) Oil."
FARMACY Bright On Massage-Activated Vitamin C Mask with Echinacea GreenEnvy™,"Water, Aloe Barbadensis Leaf Juice, Kaolin, Glycerin, Bentonite, Pyrus Malus (Apple) Fruit Extract, Propanediol, Titanium Dioxide (Ci 77891), Sorbitol, 1,2-Hexanediol, Lauroyl Lysine, Chromium Oxide Greens, Maltooligosyl Glucoside, Xanthan Gum, Echinacea Purpurea Root Extract, Ascorbyl Tetraisopalmitate, Ascorbic Acid, Citrus Aurantium Dulcis (Orange) Fruit Extract, Citrus Limon (Lemon) Fruit Extract, Citrus Aurantifolia (Lime) Oil, Vaccinium Myrtillus Fruit/Leaf Extract, Vaccinium Angustifolium (Blueberry) Fruit Extract, Lavandula Angustifolia (Lavender) Oil, Acer Saccharum (Sugar Maple) Extract, Centella Asiatica Extract, Saccharum Officinarum (Sugarcane) Extract, Glycyrrhiza Glabra (Licorice) Root Extract, Lavandula Hybrida Oil, Rosmarinus Officinalis (Rosemary) Leaf Extract, Cucumis Sativus (Cucumber) Fruit Extract, Brassica Oleracea Acephala Leaf Extract, Brassica Oleracea Italica (Broccoli) Extract, Camellia Sinensis Leaf Extract, Mentha Piperita (Peppermint) Oil, Rosmarinus Officinalis (Rosemary) Leaf Oil, Citrus Aurantium Dulcis (Orange) Peel Oil, Anthemis Nobilis Flower Oil, Chamomilla Recutita (Matricaria) Flower Extract, Aloe Barbadensis Leaf Extract, Tocopherol, Betaine, Zingiber Officinale (Ginger) Root Oil, Hydrogenated Starch Hydrolysate, Perilla Ocymoides Seed Oil, Helianthus Annuus (Sunflower) Seed Oil, Trisodium Ethylenediamine Disuccinate, Citrus Aurantium Bergamia (Bergamot) Fruit Oil, Cananga Odorata Flower Oil, Cymbopogon Martini Oil, Pelargonium Graveolens Oil, Pogostemon Cablin Oil, Sclerotium Gum, Pullulan, Polygonum Cuspidatum Root Extract, Scutellaria Baicalensis Root Extract, Abies Sibirica Oil, Cellulose Gum, Sucrose, Mica, Pentaerythrityl Tetra-Di-T-Butyl Hydroxyhydrocinnamate, Potassium Sorbate, Ethylhexylglycerin, Manganese Violet, Polyglyceryl-10 Laurate, Cellulose Acetate Butyrate, Caprylic/Capric Triglyceride, Citric Acid, Polyglyceryl-10 Myristate, Acrylates Copolymer, Sodium Benzoate, Algin, Bioflavonoids, Limonene, Linalool."
LAURA MERCIER Tinted Moisturizer Broad Spectrum SPF 20 - Oil Free,"Polyethylene, Dimethicone, Butyrospermum Parkii (Shea) Butter, Petrolatum, Butyloctyl, Salicylate, C12-15 Alkyl Benzoate, Undecylcrylene Dimethicone, Neopentyl Glycol Diheptanoate, Acrylates/Ethylhexyl Acrylate/Dimethicone Methacrylate Copolymer, Behenyl Olivate, Aluminum Hydroxide, Stearic Acid, Glyceryl Isostearate, Beeswax, Polyhydroxystearic Acid, Cetyl PEG/PPG-10/1 Dimethicone, BHT, Benzylidene Dimethoxydimethylindanone, Tetrahexyldecyl Ascorbate."
DR. JART+ Dermask Ultra Jet Porecting Solution Bubbling Charcoal Sheet Mask,"Water, Methylpropanediol, Glycerin, Ethyl Perfluoroisobutyl Ether, Ethyl Perfluorobutyl Ether, Sapindus Mukorossi Fruit Extract, Acrylates Copolymer, Betaine, Hydroxyacetophenone, Polyacrylamide, C13-14 Isoparaffin, Tromethamine, Dimethicone, Allantoin, Laureth-7, 1,2 Hexanediol, Ethylhexyglcerin, Adenosine, Citrus Aurantium Dulcis (Orange) Oil, Butylene Glycol, Lonicera Japonica (Honeysuckle) Flower Extract, Polyglyceryl-10 Stearate, Lonicera Caprifolium (Honeysuckle) Flower Extract, Disodium EDTA, Helianthus Annuus (Sunflower) Seed Oil, Rhus Semialata Gall Extract, Glyceryl Acrylate/Acrylic Acid Copolymer, Althaea Rosea Flower Extract, Hydrogenated Lecithin, Caffeine, Alcohol, Pelargonium Graveolens Flower Oil, Caning Odonata Flower Oil, Citrus Aurantium Bergamia (Bergamot) Fruit Oil, Propanediol, Lecithin, Pistachio Lentiscus (Mastic) Gum, Rosa Damascena Flower Oil, Melaleuca Viridiflora Leaf Oil, Butyl Avocadate, Iris Ensata Extract, Maltodextrin, Mooring Pterygosperma Seed Extract, Asparagus Officinalis Stem Extract, Eucalyptus Globulus Leaf Extract, Calcium Clubonate, Gluconolacctone, Potassium Sorbet, Sodium Benzoate, Propyl Gallate."
LANCER The Method: Polish Blemish Control,"Water, Sodium C14-16 Olefin Sulfonate, Acrylates Copolymer, Glycerin, Cocamidopropyl Betaine, Mannitol, Jojoba beads, Syringa Vulgaris (Lilac) Leaf Cell Culture Extract, Mentha Piperita (Peppermint) Oil, Melaleuca Alternifolia (Tea Tree) Leaf Oil, Hydroxypropyl Methylcellulose, Sodium PCA, Cellulose, Salicylic Acid, Disodium Cocoamphodiacetate, Panthenol, Niacinamide, Dextrin, Maltodextrin, Amylopectin, Disodium EDTA, Sodium Hydroxide, Polydextrose, Caprylyl Glycol, Phenoxyethanol, Chlorphenesin, Methylisothiazolinone, Methylchloroisothiazolinone, Fragrance, Limonene, Iron Oxides (CI 77492)."
LANCER Lift Serum Intense with Stem Cell Recovery Complex,"Water, Glycerin, Cyclopentasiloxane, Caprylic/Capric Triglyceride, Pentylene Glycol, Cetearyl Alcohol, Dimethicone, Squalane, Vitis Vinifera (Grape) Juice Extract, Glycine Soja (Soybean) Extract, Vitis Vinifera (Grape) Fruit Cell Extract, Tropaeolum Majus Extract, Hydrolyzed Manihot Esculenta Tuber Extract, Hexapeptide-48 HCl, Sodium Hyaluronate, Crithmum Maritimum Callus Culture Filtrate, Acrylates/Dimethicone Copolymer, Polyglyceryl-4 Diisostearate/Polyhydroxystearate/Sebacate, Sodium Hyaluronate Crosspolymer, Lecithin, Glyceryl Stearate, PEG-100 Stearate, Ethylhexyl Stearate, Sodium Isostearate, Isomalt, Ceteareth-20, Disodium EDTA, Sclerotium Gum, Propanediol, Gold, Phenoxyethanol, Caprylyl Glycol, Sodium Benzoate, Benzyl Benzoate, Xanthan Gum, Chlorphenesin, Ethylhexylglycerin, Butylphenyl Methylpropional, Fragrance, Limonene, Mica, Titanium Dioxide (CI 77891), Iron Oxides (CI 77491)."
LA MER The Cleansing Foam,"Declustered Water (+)/Aqua/Eau De-Structuree (+), Myristic Acid, Glycerin, Behenic Acid, Palmitic Acid, Sodium Methyl Cocoyl Taurate, Potassium Hydroxide, Lauric Acid, Stearic Acid, Algae (Seaweed) Extract, Sesamum Indicum (Sesame) Seed Oil, Medicago Sativa (Alfalfa) Seed Powder, Helianthus Annuus (Sunflower) Seedcake, Prunus Amygdalus Dulcis (Sweet Almond) Seed Meal, Eucalyptus Globulus (Eucalyptus) Leaf Oil, Sodium Gluconate, Copper Gluconate, Calcium Gluconate, Magnesium Gluconate, Zinc Gluconate, Tocopheryl Succinate, Niacin, Sesamum Indicum (Sesame) Seed Powder, Quartz Powder, Nephrite Powder, Pearl Powder, Caffeine, Sea Salt/Maris Sal/Sel Marin, Humic Acids, Sodium Hyaluronate, Sucrose, Tourmaline, Macrocystis Pyrifera (Kelp) Protein, Polyquaternium-51, Aloe Barbadensis Leaf Water, Trehalose, Cellulose, Butylene Glycol, Sodium Coco Pg-Dimonium Chloride Phosphate, Sodium Bicarbonate, Sodium Pca, Peg-3 Distearate, Urea, Fragrance, Disodium Edta, Linalool, Limonene, Phenoxyethanol, Methylchloroisothiazolinone, Methylisothiazolinone, Yellow 5 (Ci 19140), Yellow 6 (Ci 15985), Blue 1 (Ci 42090), Green 5 (Ci 61570)"
SEPHORA COLLECTION Face Mask - Pomegranate,"Water, Butylene Glycol, Glycerin, Peg-40 Hydrogenated Castor Oil, Phenoxyethanol, Aloe Barbadensis Leaf Juice, Triethanolamine, Oryza Sativa (Rice) Extract, Acrylates/C10-30 Alkyl Acrylate Crosspolymer, Tremella Fuciformis (Mushroom) Extract, Fragrance, Piroctone Olamine, Maltodextrin, Punica Granatum Fruit Extract, Polyquaternium-51, Solidago Virgaurea (Goldenrod) Extract, Brassica Oleracea Italica (Broccoli) Sprout Extract, Potassium Sorbate, Peg-30 Dipolyhydroxystearate, Trideceth-6, Citric Acid, Sorbic Acid, Sodium Benzoate."
FOREO Espada Acne-Clearing Blue Light Pen,"Water, Sodium C14-16 Olefin Sulfonate, Acrylates Copolymer, Glycerin, Cocamidopropyl Betaine, Mannitol, Jojoba beads, Syringa Vulgaris (Lilac) Leaf Cell Culture Extract, Mentha Piperita (Peppermint) Oil, Melaleuca Alternifolia (Tea Tree) Leaf Oil, Hydroxypropyl Methylcellulose, Sodium PCA, Cellulose, Salicylic Acid, Disodium Cocoamphodiacetate, Panthenol, Niacinamide, Dextrin, Maltodextrin, Amylopectin, Disodium EDTA, Sodium Hydroxide, Polydextrose, Caprylyl Glycol, Phenoxyethanol, Chlorphenesin, Methylisothiazolinone, Methylchloroisothiazolinone, Fragrance, Limonene, Iron Oxides (CI 77492)."
FIRST AID BEAUTY 5 in 1 Eye Cream,"Water, Glycerin, Dimethicone, C12-15 Alkyl Benzoate, Sodium Polyacrylate, Ethylhexyl Palmitate, Silica, Palmitoyl Hexapeptide-12, Palmitoyl Tetrapeptide-7, Enteromorpha Compressa Extract, Alpha-Arbutin, Niacinamide, Caesalpinia Spinosa Gum, Sodium Lactate, Bisabolol, Camellia Sinensis Leaf Extract, Chrysanthemum Parthenium (Feverfew) Extract, Glycyrrhiza Glabra (Licorice) Root Extract, Hydrogenated Lecithin, Caprylyl Methicone, Sodium PCA, Hydrogenated Phosphatidylcholine, Polysorbate 60, Sodium Isostearate, Carbomer, Polysorbate 20, Butylene Glycol, Hydroxyethyl Acrylate/Sodium Acryloyldimethyltaurate Copolymer, Phenyl Methicone, Polysilicone-11, Glyceryl Polyacrylate, Xanthan Gum, Phenoxyethanol, Sodium Hydroxide, Potassium Sorbate, Sodium Benzoate."
KIEHL'S SINCE 1851 Powerful-Strength Line-Reducing Eye-Brightening Concentrate,"Propylene Glycol Cyclopentasiloxane Ascorbic Acid Glycerin Cetyl Peg/Ppg-10/1 Dimethicone Dimethicone Crosspolymer Aqua, Water Lauroyl Lysine Acrylates Copolymer Escin Silica Dimethyl Silylate Adenosine N-Hydroxysuccinimide Palmitoyl Oligopeptide Chrysin Palmitoyl Tetrapeptide-7."
PETER THOMAS ROTH Un-Wrinkle Peel Pads,"Water, Ethoxydiglycol, Glycolic Acid, Rosa Centifolia Flower Water, Sodium Lactate, Ppg-5-Ceteth-20, Hamamelis Virginiana (Witch Hazel) Extract, Butylene Glycol, Arginine, Propylene Glycol, Salicylic Acid, Aminobutyric Acid, Retinyl Palmitate, Tocopheryl Acetate, Sodium Ascorbyl Phosphate, Alanine, Chamomilla Recutita (Matricaria) Flower Extract, Camellia Sinensis Leaf Extract, Aloe Barbadensis Leaf Juice, Citrus Limon (Lemon) Peel Extract, Zingiber Officinale (Ginger) Root Extract, Citrus Aurantifolia (Lime) Peel Extract, Citrus Aurantium Dulcis (Orange) Fruit Extract, Citrus Tangerina (Tangerine) Peel Extract, Mentha Piperita (Peppermint) Extract, Salvia Officinalis (Sage) Leaf Extract, Borago Officinalis Seed Extract, Caprylic/Capric Triglyceride, Symphytum Officinale Root Extract, Peg-8 Dimethicone, Octyldodecanol, Ascorbic Acid, Silica, Sodium Propoxyhydroxypropyl Thiosulfate Silica, Benzoic Acid, Sodium Hydroxide, Phenoxyethanol, Diazolidinyl Urea, Methylparaben, Propylparaben, Butylparaben, Ethylparaben, Isobutylparaben."
OLEHENRIKSEN So Nurturing™ Cleansing Cloths,"Water, Polysorbate 20, Phenoxyethanol, Parfum/Fragrance, Glycerin, Vaccinium Myrtillus (Bilberry) Fruit Extract, Barbassu Oil, Polyglyceryl-4 Esters, Saccharum Officinarum (Sugar Cane) Extract, Potassium Hydroxide, Panthenol, Citrus Aurantium Dulcis (Orange) Fruit Extract, Citrus Limon (Lemon) Fruit Extract, Enteromorpha Compressa Extract, Acer Saccharum (Sugar Maple) Extract, Biosaccharide Gum-1, Sodium Hyaluronate, Aloe Barbadensis Leaf Juice, Ascorbyl Glucoside, Borago Officinalis (Borage) Seed Oil, Allantoin, Linoleic Acid, Sodium Levulinate, Sodium PCA, Glyceryl Caprylate, Linolenic Acid, Sodium Anisate, Caesalpinia Spinosa Gum, Linum Usitatissiumum (Linseed) Seed Oil, Moringa Oleifera Seed Oil, Tocopheryl Acetate, Ananas Sativas (Pineapple) Fruit Extract, Potassium Sorbate, Sodium Benzoate, Bromelain, Citric Acid, Canola Oil, Carica Papya (Papaya) Fruit Extract, Tocopherol, Aspalathus Linearis Leaf Extract, Cocos Nucifera (Coconut) Fruit Extract, Limonene."
SKIN INC SUPPLEMENT BAR Pure Deepsea Hydrating Mask,"Water, Butylene Glycol, Glycerin, Pentylene Glycol, Algae Extract, Natto Gum, Sodium Hyaluronate, Acrylates/C10-30 Alkyl Acrylate Crosspolymer, Potassium Hydroxide, Phenoxyethanol, Tetrasodium EDTA."
SHISEIDO Benefiance WrinkleResist24 Day Cream Broad Spectrum SPF 18,"Water, Glycerin, Dipropylene Glycol, Butylene Glycol, Phenyl Trimethicone, Hydrogenated Polydecene, Sorbitol, Myristyl Myristate, Dimethicone, Sd Alcohol 40-B, Polybutylene Glycol/Ppg-9/1 Copolymer, Petrolatum, Stearyl Alcohol, Stearic Acid, Silica, Bentonite, Palmitic Acid, Xanthan Gum, Peg/Ppg-17/4 Dimethyl Ether, Phytosteryl Macadamiate, Tocopheryl Acetate, Sapindus Mukurossi Peel Extract, Uncaria Gambir Extract, Sodium Acetylated Hyaluronate, Hydroxyproline, Thymus Serpillum Extract, Chlorella Vulgaris Extract, Peg-5 Glyceryl Stearate, Glyceryl Stearate Se, Trisodium Edta, Potassium Hydroxide, Sodium Metaphosphate, Ammonium Acryloyldimethyltaurate/Vp Copolymer, Alcohol, Sodium Metabisulfite, Bht, Tocopherol, Phenoxyethanol, Fragrance, Iron Oxides."
BIOSSANCE Squalane + Mineral SPF 45,"Water, Caprylic/Capric Triglyceride, Squalane, Polyglyceryl-3 Sorbityl, Linseedate, Cetyl Dimethicone, Dimethicone, Polymethylsilsesquioxane, Glycerin, Styrene/ Acrylates Copolymer, Thermus Thermophilus Ferment, Polyhydroxystearic Acid, Synthetic Fluorphlogopite, Sodium Chloride, Hydroxyacetophenone, Tocopheryl Acetate, Saccharide Isomerate, Caramel, Pentylene Glycol, 1,2-Hexanediol, Caprylyl Glycol, Disteardimonium Hectorite, Triethoxycaprylylsilane, Bisabolol, Benzylidene Dimethoxydimethylindanone, Citrus Aurantium Amara (Bitter Orange) Flower Extract, Zingiber Officinale (Ginger) Root Extract."
MURAD Rapid Age Spot and Pigment Lightening Serum,"Water, Alcohol Denat., Glycolic Acid, Butylene Glycol, Glycerin, Methyl Gluceth-10, Dextran, Hexapeptide-2, Rice Amino Acids, Aloe Barbadensis Leaf Juice, Urea, Yeast Amino Acids, Trehalose, Inositol, Taurine, Betaine, Zinc Gluconate, Ascorbic Acid, Chitosan, Propyl Gallate, Nonoxynol-10, Lecithin, Tocopherol, Magnesium Ascorbyl Phosphate, Dipotassium Glycyrrhizate, Palmitoyl Hydroxypropyltrimonium Amylopectin/Glycerin Crosspolymer, Vitis Vinifera (Grape) Seed Extract, Chitosan PCA, Allantoin, Polyquaternium-10, Sodium Metabisulfite, Sodium Sulfite, Sodium Hydroxide, PPG-26-Buteth-26, PEG-40 Hydrogenated Castor Oil, Hydroxyethylcellulose, Disodium EDTA, Limonene, Linalool, Fragrance."
PETER THOMAS ROTH Therapeutic Sulfur Mask Acne Treatment Mask,"Water, Bentonite, Kaolin, Propylene Glycol, Talc, Glycerin, Aloe Barbadensis Leaf Juice, Zinc Oxide (Ci 77947), Polysorbate 20, Titanium Dioxide (Ci 77891), Carbomer, Fragrance, Sodium Hydroxide, Diazolidinyl Urea, Methylparaben, Propylparaben."
KATE SOMERVILLE Quench Hydrating Face Serum,"Cyclopentasiloxane, Dimethicone, Dimethiconol, Ethylhexyl Stearate, Cyclomethicone, Phenyl Trimethicone, Ethylhexyl Cocoate, Caprylic/Capric Triglyceride, Water, Retinol, Sodium Ascorbate, Tocopherol, Lecithin, Glycolipids, Sodium Hyaluronate, Caprylyl Glycol."
PHILOSOPHY Time In A Bottle For Eyes 100% In-Control,"Water, Propanediol, Bis-Peg-18 Methyl Ether Dimethyl Silane, Glycerin, Methyl Methacrylate Crosspolymer, Benzophenone-4, Polyethylene, Hydroxyethyl Acrylate/Sodium Acryloyldimethyl Taurate Copolymer, Squalane, Ptfe, Xanthan Gum, Phenoxyethanol, 3-O-Ethyl Ascorbic Acid, Propylene Glycol, Sodium Citrate, Bifida Ferment Lysate, Citric Acid, Caffeine, Caprylyl Glycol, 1,2-Hexanediol, Sodium Hydroxide, Polysorbate 60, Plantago Lanceolata Leaf Extract, Carnosine, Oryza Sativa (Rice) Extract, Caprylic/Capric Triglyceride, Disodium Edta, Adenosine, Ginkgo Biloba Leaf Extract, Physalis Pubescens Fruit Juice, Peg-8, Lecithin, Alcohol, Aesculus Hippocastanum (Horse Chestnut) Seed Extract, Glucose, Tocopherol, Acrylates/C10-30 Alkyl Acrylate Crosspolymer, Lactic Acid, Silica, Hydrolyzed Soy Flour, Sodium Carbonate, Sodium Phosphate, Saccharomyces/Grape Ferment Extract, Bht, Sodium Chloride, Ascorbyl Palmitate, Potassium Sorbate, Sodium Benzoate, Bacillus Ferment, Camellia Sinensis Leaf Extract, Coffea Arabica (Coffee) Seed Extract, Pongamia Pinnata Seed Extract, Punica Granatum Fruit Extract, Angelica Archangelica Root Extract, Citrus Aurantium Amara (Bitter Orange) Peel Extract, Hydrolyzed Vegetable Protein, Maltodextrin, Trisodium Edta, Acetic Acid, Magnesium Aluminum Silicate, Potassium Chloride, Potassium Phosphate, Ascorbic Acid, Sclerotium Gum, Plankton Extract, Micrococcus Lysate, Sorbic Acid, Retinyl Palmitate, Titanium Dioxide (Ci 77891), Mica, Fd & C Red 40 (Ci 16035)."
CLINIQUE Foaming Sonic Facial Soap,"Water, Sodium C14-16 Olefin Sulfonate, Acrylates Copolymer, Glycerin, Cocamidopropyl Betaine, Mannitol, Jojoba beads, Syringa Vulgaris (Lilac) Leaf Cell Culture Extract, Mentha Piperita (Peppermint) Oil, Melaleuca Alternifolia (Tea Tree) Leaf Oil, Hydroxypropyl Methylcellulose, Sodium PCA, Cellulose, Salicylic Acid, Disodium Cocoamphodiacetate, Panthenol, Niacinamide, Dextrin, Maltodextrin, Amylopectin, Disodium EDTA, Sodium Hydroxide, Polydextrose, Caprylyl Glycol, Phenoxyethanol, Chlorphenesin, Methylisothiazolinone, Methylchloroisothiazolinone, Fragrance, Limonene, Iron Oxides (CI 77492)."
TARTE FRXXXTION Stick Exfoliating Cleanser,"Water, Butylene Glycol, Sodium Stearate, Bis-PEG-18 Methyl Ether Dimethyl Silane, Glycerin, Diatomaceous Earth, Sodium Lauroyl Methyl Isethionate, Cocamidopropyl Betaine, Quaternium-90 Sepiolite, Charcoal Powder, Sodium Methyl Oleoyl Taurate, Sodium Cocoyl Isethionate, Quaternium-90 Montmorillonite, Kaolin, Phenoxyethanol, Chlorphenesin, Sodium Benzoate."
CLINIQUE Smart Broad Spectrum SPF 15 Custom-Repair Moisturizer for Dry Combination Skin,"Avobenzone 3.0% , Octisalate 5.0%Water , Glycerin , Butyloctyl Salicylate , Polyester-8 , Octyldodecyl Neopentanoate , Behenyl Alcohol , Butylene Glycol , Myristyl Myristate , Cetyl Esters , Ammonium Acryloyldimethyltaurate/Vp Copolymer , Tamarindus Indica Seed Extract , Plankton Extract , Centaurium Erythraea (Centaury) Extract , Sigesbeckia Orientalis (St. Paul'S Wort) Extract , Glyceryl Stearate , Algae Extract , Caffeine , Camellia Sinensis Leaf Extract , Saccharomyces Ferment Filtrate , Whey Protein/Lactis Protein/Proteine Du Petit-Lait , Nylon-12 , Acetyl Hexapeptide-8 , Sucrose , Biotin , Ergothioneine , Myristyl Laurate , Lauryl Peg-9 Polydimethylsiloxyethyl Dimethicone , Polyethylene , Aminopropyl Ascorbyl Phosphate , Glycine Soja (Soybean) Protein , Peg-100 Stearate , Steareth-21 , Dimethicone , Acetyl Glucosamine , Astrocaryum Murumuru Seed Butter , Trisiloxane , Caprylyl Glycol , Tocopheryl Acetate , Myristyl Alcohol , Sodium Hyaluronate , Hexylene Glycol , Hydroxyethylcellulose , Sodium Benzoate , Sodium Citrate , Lecithin , Disodium Edta , Phenoxyethanol , Yellow 5 (Ci 19140) , Red 4 (Ci 14700)"
ORIGINS GinZing™ Refreshing Eye Cream to Brighten and Depuff,"Water, Methyl Trimethicone, Butylene Glycol, Peg-100 Stearate, Dimethicone, Cetyl Ricinoleate, Silica, Olea Europaea (Olive) Fruit Oil, Glycerin, Behenyl Alcohol, Cucumis Sativus (Cucumber) Fruit Extract, Panax Ginseng (Ginseng) Root Extract, Castanea Sativa (Chestnut) Seed Extract, Camellia Sinensis (Green Tea) Leaf Extract, Cordyceps Sinensis Extract, Magnolia Officinalis Bark Extract, Pyrus Malus (Apple) Fruit Extract, Scutellaria Baicalensis Root Extract, Pantethine, Panthenol, Caprylic/Capric Triglyceride, Butyrospermum Parkii (Shea Butter), Caffeine, Coleus Barbatus Extract, Yeast Extract\Faex\Extrait De Levure, Folic Acid, Hydrogenated Lecithin, Jojoba Wax Peg-120 Esters, Biotin, Tribehenin, Myristyl Alcohol, Palmitoyl Tetrapeptide-7, Trehalose, Sodium Hyaluronate, Ascorbyl Tocopheryl Maleate, Hesperidin Methyl Chalcone, Sodium Sulfite, Sodium Metabisulfite, Steareth-20, Dipeptide-2, Ethylhexylglycerin, Carbomer, Tromethamine, Sorbic Acid, Chlorphenesin, Phenoxyethanol, Mica, Titanium Dioxide (Ci 77891), Iron Oxides (Ci 77491, Ci 77492, Ci 77499)."
OLEHENRIKSEN Pure Truth™ Youth Activating Oil,"Rosa Canina (Rosehip) Fruit Oil, Citrus Tangerina (Tangerine) Peel Oil, Tocopherol, Cymbopogon Flexuosus (Lemongrass) Oil, Glycine Soja (Soybean) Oil, Limonene, Linalool, Citral, Citronellol, Geraniol."
LANCÔME BIENFAIT UV SPF 50+ Super Fluid Facial Sunscreen,"Water, Cyclopentasiloxane, Alcohol Denat., Silica, Dicaprylyl Ether, Styrene/Acrylates Copolymer, Diethylhexyl Syringylidenemalonate, Peg-30 Dipolyhydroxystearate, Dimethicone, Cyclohexasiloxane, Polymethylsilsesquioxane, Nylon-12, Dicaprylyl Carbonate, Phenoxyethanol, Lauryl Peg/Ppg-18/18 Methicone, Sodium Chloride, Caprylyl Glycol, Methylparaben, Poly C10-30 Alkyl Acrylate, Disteardimonium Hectorite, Disodium EDTA, Dodecene, Poloxamer 407."
DR. BRANDT SKINCARE Do Not Age with Dr. Brandt Triple Peptide Eye Cream,"Water, Shea Butter, Lecithin, Methylsilanol Hydroxyproline Aspartate, Cyclopentasiloxane, Cetyl Palmitate, Siloxanetriol Alginate, C12-16 Alcohols, Glycerin, Cetyl Alcohol, Cetyl Lactate, Octyldodecyl Stearate, Glyceryl Stearate Citrate, Acetyl Hexapeptide-8, Jojoba Seed Oil, Dimethicone, Bis-Hydroxyethoxypropyl Dimethicone, Palmitic Acid, Butylene Glycol, Phenoxyethanol, Polyglyceryl-3-Stearate, Propylene Glycol, Betaine, Tocopheryl Acetate, Acetyl Citrull Amido Arginine, Palmitoyl Oligopeptide, Camellia Oleifera Leaf Extract, Lavender Oil, Xanthan Gum, Glyceryl Polymethacrylate, Caffeine, Sodium Acrylates Copolymer, Tetrasodium Edta, Bht, Ascorbic Acid Polypeptide, Retinyl Palmitate, Sodium Pca, Hydrogenated Polyisobutene, Phospholipids, Ethylhexylglycerin, Disodium Edta, Ceramide 3, Polyglyceryl-10 Stearate, Sunflower Seed Oil, Grape Fruit Extract, Sorbic Acid."
TATCHA Violet-C Radiance Mask,"Water, Butylene Glycol, Kaolin, Montmorillonite, Polysorbate 20, Jojoba Esters, Peg-100 Stearate, Bentonite, Glycerin, Citrus Grandis (Grapefruit) Peel Oil*, Lavandula Angustifolia (Lavender) Oil*, Pelargonium Graveolens Flower Oil*, Amyris Balsamifera Bark Oil*, Salvia Sclarea (Clary) Oil*, Anthemis Nobilis Flower Oil*, Rosa Centifolia Flower Extract, Limonene, Linalool, Geraniol, Epilobium Angustifolium Flower\Leaf\Stem Extract, Castanea Sativa (Chestnut) Seed Extract, Albizia Julibrissin Bark Extract, Lecithin, Ethylhexylglycerin, Caprylyl Glycol, Propylene Glycol Laurate, Propylene Glycol Stearate, Peg-150 Distearate, Hypnea Musciformis (Algae) Extract, Gellidiela Acerosa (Algae) Extract, Simethicone, Sodium Hyaluronate, Sorbitan Laurate, Hexylene Glycol, Dehydroacetic Acid, Xanthan Gum, Trisodium Edta, Phenoxyethanol, Titanium Dioxide (Ci 77891), Iron Oxides (Ci 77491, Ci 77492, Ci 77499). *Essential Oil."
NARS Radiance Primer Broad Spectrum SPF 35 Sunscreen,"Water, Caprylyl Methicone, Dipropylene Glycol, Propanediol, Dimethicone, Butyloctyl Salicylate, Lactobacillus Ferment, Isododecane, Ammonium Acryloyldimethyltaurate/Vp Copolymer, Trisiloxane, Polysorbate 60, Trimethylsiloxysilicate, Dextrin Palmitate, Phenoxyethanol, C14-22 Alcohols, Hydroxyethyl Acrylate/Sodium Acryloyldimethyl Taurate Copolymer, Hydrolyzed Wheat Protein/Pvp Crosspolymer, Panthenol, Fragrance, Evodia Rutaecarpa Fruit Extract, Dibutyl Ethylhexanoyl Glutamide, Dibutyl Lauroyl Glutamide, Disodium Edta, C12-20 Alkyl Glucoside, Dipotassium Glycyrrhizate, Tocopheryl Acetate, Sodium Hyaluronate, Butylene Glycol, Pentylene Glycol, Tin Oxide, Potassium Sorbate, Hydroxyphenyl Propamidobenzoic Acid, Ethylhexylglycerin, Ascorbyl Palmitate, Mica, Red 4, Yellow 5."
LANEIGE BB Cushion Hydra Radiance SPF 50,"Water, Cyclopentasiloxane, Zinc Oxide (CI 77947), Ethylhexyl Methoxycinnamate, PEG-10 Dimethicone, Cyclohexasiloxane, Phenyl Trimethicone, Iron Oxides (CI 77492), Butylene Glycol Dicaprylate/Dicaprate, Niacinamide, Lauryl PEG-9 Polydimethylsiloxyethyl Dimethicone, Acrylates/Ethylhexyl Acrylate/Dimethicone Methacrylate Copolymer, Titanium Dioxide (CI 77891 , Iron Oxides (CI 77491), Butylene Glycol, Sodium Chloride, Iron Oxides (CI 77499), Aluminum Hydroxide, HDI/Trimethylol Hexyllactone Crosspolymer, Stearic Acid, Methyl Methacrylate Crosspolymer, Triethoxycaprylylsilane, Phenoxyethanol, Fragrance, Disteardimonium Hectorite, Caprylyl Glycol, Yeast Extract, Acrylates/Stearyl Acrylate/Dimethicone Methacrylate Copolymer, Dimethicone, Trimethylsiloxysilicate, Polysorbate 80, Disodium EDTA, Hydrogenated Lecithin, Dimethicone/Vinyl Dimethicone Crosspolymer, Mica (CI 77019), Silica, 1,2-Hexanediol, Polypropylsilsesquioxane, Chenopodium Quinoa Seed Extract, Magnesium Sulfate, Calcium Chloride, Camellia Sinensis Leaf Extract, Manganese Sulfate, Zinc Sulfate, Ascorbyl Glucoside."
ORIGINS Original Skin™ Retexturizing Mask with Rose Clay,"Water, Butylene Glycol, Kaolin, Montmorillonite, Polysorbate 20, Jojoba Esters, Peg-100 Stearate, Bentonite, Glycerin, Citrus Grandis (Grapefruit) Peel Oil*, Lavandula Angustifolia (Lavender) Oil*, Pelargonium Graveolens Flower Oil*, Amyris Balsamifera Bark Oil*, Salvia Sclarea (Clary) Oil*, Anthemis Nobilis Flower Oil*, Rosa Centifolia Flower Extract, Limonene, Linalool, Geraniol, Epilobium Angustifolium Flower\Leaf\Stem Extract, Castanea Sativa (Chestnut) Seed Extract, Albizia Julibrissin Bark Extract, Lecithin, Ethylhexylglycerin, Caprylyl Glycol, Propylene Glycol Laurate, Propylene Glycol Stearate, Peg-150 Distearate, Hypnea Musciformis (Algae) Extract, Gellidiela Acerosa (Algae) Extract, Simethicone, Sodium Hyaluronate, Sorbitan Laurate, Hexylene Glycol, Dehydroacetic Acid, Xanthan Gum, Trisodium Edta, Phenoxyethanol, Titanium Dioxide (Ci 77891), Iron Oxides (Ci 77491, Ci 77492, Ci 77499). *Essential Oil."
KIEHL'S SINCE 1851 Cucumber Herbal Conditioning Cleanser,"Water, Propylene Glycol, Glycerin, Sodium Methyl Cocoyl Taurate, Coco-Betaine, Sodium Cocoyl Isethionate, Sodium Chloride, Acrylates/C10-30 Alkyl Acrylate Crosspolymer, Phenoxyethanol, Peg-100 Stearate, Ppg-5-Ceteth-20, Glyceryl Stearate, Coconut Acid, Caprylyl Glycol, Peg-55 Propylene Glycol Oleate, Styrene/Acrylates Copolymer, Salicylic Acid, Chlorphenesin, Hydrogenated Coconut Acid, Cucumber Fruit Extract, Polyquaternium-53, Coco-Glucoside, Disodium Edta, Lavandula Hybrida Oil, Sodium Isethionate, Peg-30 Dipolyhydroxystearate, Trideceth-6, Citrus Medica Limonum (Lemon) Peel Oil, Rosemary Leaf Oil, Benzoic Acid, Citric Acid, Sodium Hydroxide."
TATA HARPER Regenerating Cleanser,"Water, Helianthus Annuss (Ssunflower) Seed Oil, Glycerin, Dimethicone, Glyceryl Stearate SE, Cyclopentasiloxane, Rosa Canina Fruit Oil, Cetearyl Alcohol, Cetyl Alcohol, Parfum/Fragrance, Ceteareth-20, Phenoxyethanol, Oenothera Biennis (Evening Primrose) Oil, Allantoin, Triticum Vulgare (Wheat) Germ Oil, Carmbomer, Panthenol, Caprylyl Glycol, Hexylene Glycol, Ethylhexylglycerin, Ethylhexyl Methoxycinnamate, Tocopheryl Acetate, Citrus Grandis (Grapefruit) Fruit Extract, Citrus Aurantium Dulcis (Orange) Fruit Extract, Chamomilla Recutita (Matricaria) Flower Extract, Calendula Officinalis Flower Extract, Retinyl Palmitate, Citric Acid, Tocopeherol, Yellow 6 (CI 15985), Ascorbyl Palmitate, Red 40 (CI 16035), BHT, Benzyl Benzoate, Citral, Limonene. Linalool."
PHILOSOPHY Uplifting Miracle Worker Eye Cream,"Water, Glycerin, Butyrospermum Parkii (Shea) Butter, Caprylic/Capric Triglyceride, Dimethicone, Pentylene Glycol, Squalane, C10-18 Triglycerides, Paraffin, Cetyl Alcohol, Glyceryl Stearate, Acrylates Crosspolymer, Cetearyl Alcohol, Pvp, Helianthus Annuus (Sunflower) Seed Oil, Aluminum Starch Octenylsuccinate, Phenoxyethanol, Peg-75 Stearate, Xanthan Gum, Albizia Julibrissin Bark Extract, Acrylates/C10-30 Alkyl Acrylate Crosspolymer, Tocopheryl Acetate, Ceteth-20, Steareth-20, Microcristallina Cera/Microcrystalline Wax/Cire Microcrystalline, Glucosyl Hesperidin, Sorbitol, Disodium Edta, Sodium Hydroxide, Adenosine, Laminaria Digitata Extract, Secale Cereale (Rye) Seed Extract, Pseudoalteromonas Ferment Extract, Lecithin, Biosaccharide Gum-1, Sodium Benzoate, Citric Acid, Saccharide Isomerate, Caprylyl Glycol, Solum Diatomeae/Diatomaceous Earth/Terre De Diatomees, Hydrolyzed Yeast Protein, Potassium Sorbate, Glyceryl Caprylate, Salicylic Acid, Sigesbeckia Orientalis Extract, Tocopherol."
ESTÉE LAUDER Revitalizing Supreme Global Anti-Aging Crème,"Revitalizing Supreme+ Cell Pwr Crm Division: El (Estee Lauder)Ingredients: Water , Dimethicone , Glycerin , Isohexadecane , Butylene Glycol , Bis-Peg-18 Methyl Ether Dimethyl Silane , Peg-10 Dimethicone , Disteardimonium Hectorite , Pentylene Glycol , Cucumis Sativus (Cucumber) Fruit Extract , Narcissus Tazetta Bulb Extract , Magnolia Officinalis Bark Extract , Hordeum Vulgare (Barley) Extract/Extrait D'Orge , Sigesbeckia Orientalis (St. Paul'S Wort) Extract , Lens Esculenta (Lentil) Fruit Extract , Pyrus Malus (Apple) Fruit Extract , Whey Protein/Lactis Protein/Proteine Du Petit-Lait , Citrullus Vulgaris (Watermelon) Fruit Extract , Moringa Oleifera Seed Extract , Laminaria Digitata Extract , Triticum Vulgare (Wheat) Germ Extract , Opuntia Tuna Extract , Acetyl Hexapeptide-8 , Sorbitol , Helianthus Annuus (Sunflower) Seedcake , Caffeine , Algae Extract , Sodium Hyaluronate , Sodium Lactate , Squalane , Polysilicone-11 , Isododecane , Tocopheryl Acetate , Sucrose , Acetyl Glucosamine , Polyethylene , Propylene Carbonate , Citric Acid , Peg-32 , Propylene Glycol Dicaprate , Peg-6 , Isoceteth-20 , Sodium Dehydroacetate , Aminopropyl Ascorbyl Phosphate , Fragrance , Sodium Pca , Sodium Citrate , Disodium Edta , Bht , Phenoxyethanol , Iron Oxides (Ci 77491)"
ESTÉE LAUDER DayWear Multi-Protection Anti-Oxidant Sheer Tint Release Moisturizer Broad Spectrum SPF 15 - Normal/ Combination Skin,"Daywear Plus Mlti/Prt Moist Spf 15 Division: El (Estee Lauder)Active Ingredients: Octinoxate 7.50% , Octisalate 5.00% , Avobenzone 2.00%Ingredients: Water , Dimethicone , Caprylic/Capric/Myristic/Stearic Triglyceride , Butylene Glycol , Cyclopentasiloxane , Cetyl Ricinoleate , Steareth-2 , Di-C12-15 Alkyl Fumarate , Polysilicone-11 , Pentylene Glycol , Steareth-21 , Aspalathus Linearis (Red Tea) Leaf Extract , Camellia Sinensis (White Tea) Leaf Extract , Coffea Arabica (Coffee) Seed Extract , Polygonum Cuspidatum Root Extract , Triticum Vulgare (Wheat) Germ Extract , Betula Alba (Birch) Bark Extract , Laminaria Ochroleuca Extract , Hordeum Vulgare (Barley) Extract/Extrait D'Orge , Saccharomyces Lysate Extract , Rosmarinus Officinalis (Rosemary) Extract , Vitis Vinifera (Grape) Seed Extract , Ethylbisiminomethylguaiacol Manganese Chloride , Cholesterol , Phospholipids , Maltodextrin , Ascorbyl Tocopheryl Maleate , Cyclodextrin , Sodium Hyaluronate , Hydrogenated Lecithin , Trehalose , Nordihydroguaiaretic Acid , Palmitoyl Hydroxypropyltrimonium Amylopectin/Glycerin Crosspolymer , Pantethine , Linolenic Acid , Oryzanol , Lecithin , Squalane , Linoleic Acid , Glycerin , Sodium Pca , Urea , Caprylic/Capric Triglyceride , Polyethylene , Isopropyl Myristate , Behenyl Alcohol , Sodium Carbomer , Tromethamine , Stearyl Alcohol , Pvp/Hexadecene Copolymer , Polymethyl Methacrylate , Polyquaternium-51 , Carbomer , Fragrance , Disodium Edta , Sorbic Acid , Potassium Sorbate , Sodium Dehydroacetate , Chlorphenesin , Phenoxyethanol , Linalool , Butylphenyl Methylpropional , Hydroxyisohexyl 3-Cyclohexene Carboxaldehyde , Benzyl Salicylate , Titanium Dioxide (Ci 77891) , Iron Oxides (Ci 77491, Ci 77492, Ci 77499)"
ST. TROPEZ TANNING ESSENTIALS Pro Light Self Tan Bronzing Mist,"Water, Dihydroxyacetone, Propylene Glycol, PPG-5-Ceteth-20, Glycerin, Ethoxydiglycol, Caramel, Phenoxyethanol, PEG-12 Dimethicone, Parfum (Fragrance), Sodium Metabisulfite, Tocopherol, Ethylhexylglycerin, Linalool, Alpha-isomethyl Ionone, CI 14700 (Red 4), CI 19140 (Yellow 5), CI 42090 (Blue 1)."
OLEHENRIKSEN Nurture Me™ Moisturizing Crème,"Water, Helianthus Annuss (Ssunflower) Seed Oil, Glycerin, Dimethicone, Glyceryl Stearate SE, Cyclopentasiloxane, Rosa Canina Fruit Oil, Cetearyl Alcohol, Cetyl Alcohol, Parfum/Fragrance, Ceteareth-20, Phenoxyethanol, Oenothera Biennis (Evening Primrose) Oil, Allantoin, Triticum Vulgare (Wheat) Germ Oil, Carmbomer, Panthenol, Caprylyl Glycol, Hexylene Glycol, Ethylhexylglycerin, Ethylhexyl Methoxycinnamate, Tocopheryl Acetate, Citrus Grandis (Grapefruit) Fruit Extract, Citrus Aurantium Dulcis (Orange) Fruit Extract, Chamomilla Recutita (Matricaria) Flower Extract, Calendula Officinalis Flower Extract, Retinyl Palmitate, Citric Acid, Tocopeherol, Yellow 6 (CI 15985), Ascorbyl Palmitate, Red 40 (CI 16035), BHT, Benzyl Benzoate, Citral, Limonene. Linalool."
GLAMGLOW BUBBLESHEET™ Oxygenating Deep Cleanse Mask - Breast Cancer Awareness Edition,"Water, Glycerin, Methyl Perfluorobutyl Ether, Acrylates Copolymer, Cocamidopropyl Betaine, Disodium Cocoamphodiacetate, Lauryl Glucoside, Retinyl Palmitate, Allantoin, Arginine, Camellia Sinensis Leaf Extract, Helianthus Annuus (Sunflower) Seed Oil, Ascorbyl Glucoside, Ethylhexylglycerin, Ceramide Np, Sodium Pca, Sodium Chloride, Saccharide Isomerate, Polyquaternium- 10, Potassium Cocoyl Glycinate, Potassium Cocoate, Hexylene Glycol, Butylene Glycol, Citric Acid, Hydroxyethyl Urea, Citrus Limon (Lemon) Peel Oil, Limonene, Citral, Sodium Citrate, Disodium Edta, Phenoxyethanol."
LA MER Little Miss Miracle Limited-Edition Crème de la Mer,"Algae (Seaweed) Extract, Mineral Oil, Petrolatum, Glycerin, Isohexadecane, Microcrystalline Wax, Lanolin Alcohol, Citrus Aurantifolia (Lime) Extract, Sesamum Indicum (Sesame) Seed Oil, Eucalyptus Globulus (Eucalyptus) Leaf Oil, Sesamum Indicum (Sesame) Seed Powder, Medicago Sativa (Alfalfa) Seed Powder, Helianthus Annuus (Sunflower) Seedcake, Prunus Amygdalus Dulcis (Sweet Almond) Seed Meal, Sodium Gluconate, Copper Gluconate, Calcium Gluconate, Magnesium Gluconate, Zinc Gluconate, Magnesium Sulfate, Paraffin, Tocopheryl Succinate, Niacin, Water, Beta-Carotene, Decyl Oleate, Aluminum Distearate, Octyldodecanol, Citric Acid, Cyanocobalamin, Magnesium Stearate, Panthenol, Limonene, Geraniol, Linalool, Hydroxycitronellal, Citronellol, Benzyl Salicylate, Citral, Sodium Benzoate, Alcohol Denat., Fragrance."
TATCHA Luminous Dewy Skin Night Concentrate,"Water, Glycerin, Propanediol, Squalane, Cyclopentasiloxane, Triethylhexanoin, Panax Ginseng Root Extract, Origanum Majorana Leaf Extract, Ziziphus Jujuba Fruit Extract, Thymus Serpyllum Extract, Royal Jelly Extract, Stearyl Glycyrrhetinate, Camellia Sinensis Leaf Extract, Algae Extract, Scutellaria Baicalensis Root Extract, Oryza Sativa (Rice) Germ Oil, Camellia Japonica Seed Oil, Sericin, Inositol, Glyceryl Stearate Se, Polyglyceryl-2 Diisostearate, Ppg-5-Ceteth-10 Phosphate, Sodium Lauroyl Lactylate, Sorbitan Stearate, Trideceth-12, Ethylhexylglycerin, Peg-240/Hdi Copolymer Bis-Decyltetradeceth-20 Ether, Butylene Glycol, Behenyl Alcohol, Parfum/Fragrance, Alcohol, Phenoxyethanol."
FRESH Vitamin Nectar Vitamin C Brightening Powder,"Packette 2: Oryza Sativa (Rice) Starch, Ascorbic Acid, Hydrated Silica."
PHILOSOPHY Purity Made Simple Cleanser,"Water, Sodium Lauroamphoacetate, Sodium Trideceth Sulfate, Limnanthes Alba (Meadowfoam) Seed Oil, Coco-Glucoside, Coconut Alcohol, Peg-120 Methyl Glucose Dioleate, Glycerin, Carbomer, Isopropyl Alcohol, Polysorbate 20, Citric Acid, Imidazolidinyl Urea, Methylparaben, Aniba Rosaeodora (Rosewood) Wood Oil, Propylparaben, Triethanolamine, Amyris Balsamifera Bark Oil, Bulnesia Sarmientoi Wood Oil, Cymbopogon Martini Oil, Pelargonium Graveolens Flower Oil, Rosa Centifolia Flower Oil, Santalum Album (Sandalwood) Oil, Daucus Carota Sativa (Carrot) Seed Oil, Mimosa Tenuiflora Bark Extract, Ormenis Multicaulis Oil, Piper Nigrum (Pepper) Fruit Oil, Salvia Sclarea (Clary) Oil, Fd&C Yellow No. 5 (Ci 19140)."
GLAMGLOW YOUTHMUD™ Tinglexfoliate Treatment,"Water, Montmorillonite, Kaolin, Magnesium Aluminum Silicate, Silica, Pumice, Camellia Sinensis Leaf, Cucumis Sativus (Cucumber) Fruit Extract, Chamomilla Recutita (Matricaria) Extract, Hedera Helix (Ivy) Extract, Symphytum Officinale (Comfrey) Leaf Extract, Camellia Oleifera Leaf Extract, Glycerin, Tocopheryl Acetate, Calendula Officinalis Extract, Ethylhexylglycerin, Hexylene Glycol, Lavandula Hybrida (Lavandin) Oil, Caprylyl Glycol, Pvp, Xanthan Gum, Fragrance, Hexyl Cinnamal, Linalool, Benzyl Benzoate, Limonene, Cinnamal, Chlorphenesin, Phenoxyethanol"
GUERLAIN Abeille Royale Youth Watery Oil,-Black Bee Honey -Ouessant Honey: Repairs skin. -Guerlain Exclusive Royal Jelly: Nourishes skin. -Commiphora Oil: Renews skin.
OLEHENRIKSEN Goodnight Glow Retin-ALT Sleeping Crème,"Water, Glycerin, Vitis Vinifera (Grape) Seed Oil, C12-15 Alkyl Benzoate, Dicaprylyl Carbonate, Butyrospermum Parkii (Shea) Butter, Cetearyl Alcohol, Lactic Acid, Glycolic Acid, Glyceryl Stearate, Potassium Hydroxide, Propanediol, Polysorbate 60, Panthenol, Dimethicone, Cetyl Alcohol, Parfum/Fragrance, Sodium Acrylate/Sodium Acryloyldimethyl Taurate Copolymer, Hydroxyacetophenone, Bakuchiol, Leontopodium Alpinum Callus Culture Extract, Isohexadecane, Linoleic Acid, Peg-75 Stearate, Phenoxyethanol, Cetearyl Glucoside, Polysorbate 80, Steareth-20, Ceteth-20, Linolenic Acid, Xanthan Gum, Citric Acid, Ethylhexylglycerin, Enteromorpha Compressa Extract, Sorbitan Oleate, Santalum Album (Sandalwood) Extract, Chamomilla Recutita (Matricaria) Flower Extract, Saccharum Officinarum (Sugar Cane) Extract, Citrus Limon (Lemon) Fruit Extract, Glycyrrhiza Glabra (Licorice) Root Extract, Leuconostoc/Radish Root Ferment Filtrate, Sodium Phytate, Silybum Marianum Fruit Extract, Ocimum Sanctum Leaf Extract, Tocopherol, Violet 2 (Ci 60730), Red 4 (Ci 14700), Limonene, Linalool, Citral."
MOON JUICE Beauty Shroom™ Exfoliating Acid Potion,"Water, Glycolic Acid, Phytic Acid, Sodium Hydroxide, Niacinamide, Propanediol, Glycereth-7 Trimethyl Ether, Lactic Acid, Salicylic Acid, Allantoin, Ganoderma Lucidum (Reishi Mushroom) Extract, Tocotrienols, Glycerin, Polyglyceryl-10 Oleate, Oryza Sativa (Rice) Bran Oil, Tocopherol, Salvia Sclarea (Clary) Oil, Citric Acid, Lonicera Caprifolium (Honeysuckle) Flower Extract, Lonicera Japonica (Honeysuckle) Flower Extract."
BOSCIA The Future is Female Peppermint Blotting Linens,"-Natural Abaca Tree Fiber: Absorbs oil and perspiration. -Peppermint Extract: Provides refreshing, aromatherapeutic benefits."
LA MER The Moisturizing Cool Gel Cream,"Water, Butylene Glycol, Glycerin, Glycereth-26, Caprylic/Capric Triglyceride, Carthamus Tinctorius (Safflower) Seed Oil, Cyclopentasiloxane, Cyclohexasiloxane, Glyceryl Stearate, PEG-100 Stearate, Polysorbate 60, Sodium Hyaluronate, Butyrospermum Parkii (Shea) Butter, Dimethicone, 1,2-Hexanediol, Cetearyl Alcohol, Phenoxyethanol, Acrylates/C10-30 Alkyl Acrylate Crosspolymer, Egg Yolk Extract, Sodium Polyacrylate, Arginine, Ethylhexylglycerin, Xanthan Gum, Adenosine, Tocopheryl Acetate, Hydrolyzed Collagen, Albumen Extract, Ubiquinone, Disodium EDTA, Fragrance."
SUPERGOOP! Forever Young Body Butter with Sea Buckthorn SPF 40 PA+++,"Water, Isononyl Isononanoate, Caprylyl,, Methicone, Dicaprylyl Ether, Polyester-8, Dimethicone, Glycerin, Propanediol, Cetearyl Alcohol, Hydroxyethyl Acrylate/Sodium Acryloyldimethyl Taurate Copolymer Sorbitan Stearate, Phenoxyethanol, Pyrus Malus (Apple) Fruit Extract, Potassium Cetyl Phosphate, Ceteareth-20, Sodium Polyacrylate Starch, Diethylhexyl Syringylidenemalonate, Sodium PCA, Hydrogenated Palm Glycerides, Ethylhexylglycerin, Chlorphenesin, Sodium Ascorbyl Glucoside, Butylene Glycol, Disodium EDTA, Trimethylcyclohexyl Butylcarbamate, Xanthan Gum, Citrus Tangerina (Tangerine) Peel Oil, Cymbopogon Schoenanthus Oil, Elettaria Cardamomum Seed Oil, Eucalyptus Globulus Leaf Oil, Eugenia Caryophyllus (Clove) Flower Oil, Lavandula Hybrida Oil, Vanillin, Limonene, Polygonum Aviculare Extract, BHT, Citral, Hippophae Rhamnoides Fruit Extract Maltodextrin, Portulaca Oleracea Extract Potassium Sorbate, Sodium Benzoate, Tocopherol."
FARMACY Coconut Gel Sheet Mask - Hydrating,"Water, Glycerin, Propanediol, Methylpropanediol, 1,2-Hexanediol, Polyglycerin-3, Cocos Nucifera (Coconut) Water, Echinacea Purpurea Root Extract, Sodium Hyaluronate, Cucumis Sativus (Cucumber) Fruit Extract, Collagen, Panthenol, Allantoin, Tocopherol, Betaine, Beta-Glucan, Saccharide Isomerate, Citrus Aurantifolia (Lime) Oil, Citrus Aurantium Bergamia, (Bergamot) Fruit Oil, Citrus Aurantium Dulcis (Orange) Peel Oil, Myrciaria Dubia Fruit Extract, Artemisia Vulgaris Extract, Cananga Odorata Flower Oil, Salvia Officinalis (Sage) Leaf Extract, Zingiber Officinale (Ginger) Root Oil, Cetearyl Olivate, Butylene Glycol, Sorbitan Olivate, Trehalose, Polyglyceryl-10 Laurate, Diethoxyethyl Succinate, Ammonium, Acryloyldimethyltaurate/Vp Copolymer, Carbomer, Arginine, Caprylyl Glycol, Ethylhexylglycerin, Xanthan Gum, Trisodium Ethylenediamine Disuccinate, Caprylic/Capric Triglyceride, Leuconostoc/Radish Root Ferment Filtrate, T-Butyl Alcohol, Citric Acid, Sodium Citrate."
TOO COOL FOR SCHOOL Egg Cream Mask Firming,"Water, Butylene Glycol, Glycerin, Glycereth-26, Caprylic/Capric Triglyceride, Carthamus Tinctorius (Safflower) Seed Oil, Cyclopentasiloxane, Cyclohexasiloxane, Glyceryl Stearate, PEG-100 Stearate, Polysorbate 60, Sodium Hyaluronate, Butyrospermum Parkii (Shea) Butter, Dimethicone, 1,2-Hexanediol, Cetearyl Alcohol, Phenoxyethanol, Acrylates/C10-30 Alkyl Acrylate Crosspolymer, Egg Yolk Extract, Sodium Polyacrylate, Arginine, Ethylhexylglycerin, Xanthan Gum, Adenosine, Tocopheryl Acetate, Hydrolyzed Collagen, Albumen Extract, Ubiquinone, Disodium EDTA, Fragrance."
SHISEIDO Bio-Performance Glow Revival Serum,"Water, Dipropylene Glycol, Glycerin, Dimethicone, Diphenylsiloxy Phenyl Trimethicone, Sd Alcohol 40-B (Alcohol Denat.), Peg-20, Trehalose, Pentaerythrityl Tetraethylhexanoate, Behenyl Alcohol, Silica, Isostearic Acid, Mica, Phytosteryl Macadamiate, Titanium Dioxide (Ci 77891), Stearyl Alcohol, Phenoxyethanol, Sodium Methyl Stearoyl Taurate, Lauryl Betaine, Methylparaben, Carbomer, Xylitol, Tocopheryl Acetate, Sodium Hyaluronate, Potassium Hydroxidw, Disodium Edta, Fragrance, Glycyl Glycine, 2-O-Ethyl Ascorbic Acid, Sodium Metaphosphate, Butylene Glycol, Limonene, Sodium Metabisulfite, Dipotassium Glycyrrhizate, Oryzanol, Magnesium Ascorbyl Phosphate, Saccharomyces Ferment Lysate Filtrate, Alcohol, Hexyl Cinnamal, Benzyl Benzoate, Butylphenyl Methylpropional, Linalool, Sodium Acetylated Hyaluronate, Iron Oxides (Ci 77491), Alpha-Isomethyl Ionone, Crataegus Monogyna Flower Extract, Citronellol, Geraniol, Sodium Benzoate, Tocopherol, Camellia Sinensis Leaf Extract, Cinnamomum Cassia Bark Extract."
AMOREPACIFIC Color Control Cushion Compact Broad Spectrum SPF 50+,"Phyllostachis Bambusoides Juice, Cyclopentasiloxane, Cyclohexasiloxane, Peg-10 Dimethicone, Phenyl Trimethicone, Butylene Glycol, Butylene Glycol Dicaprylate/Dicaprate, Alcohol, Arbutin, Lauryl Peg-9 Polydimethylsiloxyethyl Dimethicone, Acrylates/Ethylhexyl Acrylate/Dimethicone Methacrylate Copolymer, Polyhydroxystearic Acid, Sodium Chloride, Polymethyl Methacrylate, Aluminium Hydroxide, Stearic Acid, Disteardimonium Hectorite, Triethoxycaprylylsilane, Ethylhexyl Palmitate, Lecithin, Isostearic Acid, Isopropyl Palmitate, Phenoxyethanol, Polyglyceryl-3 Polyricinoleate, Acrylates/Stearyl Acrylate/Dimethicone Methacrylate Copolymer, Dimethicone, Disodium Edta, Trimethylsiloxysilicate, Ethylhexyglycerin, Dimethicone/Vinyl Dimethicone Crosspolymer, Water, Silica, Camellia Japonica Seed Oil, Camillia Sinensis Leaf Extract, Caprylyl Glycol, 1,2-Hexanediol, Fragrance, Titanium Dioxide, Iron Oxides (Ci 77492, Ci 77491, Ci77499)."
DR. JART+ Clear Skin Lover Rubber Mask,"Water, Methylpropanediol, Chondrus Crispus Extract, Glycerin, 1,2-Hexanediol, Algin, Calcium Lactate, Butylene Glycol, Gelidium Cartilagineum Extract,Laminaria Japonica Extract, Enteromorpha Compressa Extract, Spirulina PlatensisExtract, Undaria Pinnatifida Extract, Dipotassium Glycyrrhizate, Panthenol,Allantoin, PEG-60 Hydrogenated Castor Oil, Titanium Dioxide, Polymethylsilsesquioxane,Peat Water, Potassium Sorbate, Acacia Senegal Gum, Hydroxypropyl Methylcellulose,Silica, Melaleuca Alternifolia (Tea Tree) Leaf Oil, Disodium EDTA, CeratoniaSiliqua Gum, Sucrose, Potassium Chloride, Xanthan Gum, Citric Acid, SodiumCitrate, Phenoxyethanol, Ethylhexylglycerin."
SATURDAY SKIN Spotlight Brightening Mask,"Saccharomyces Ferment, Water, Methylpropanediol, 1,2-Hexanediol, Alcohol, Glycerin, Dipropylene Glycol, Butylene Glycol, Vaccinium Vitis-Idaea Leaf Extract, Glycyrrhiza Glabra (Licorice) Root Extract, Nelumbo Nucifera Flower Extract, Citrus Medica Limonum (Lemon) Peel Oil, Juniperus Mexicana Oil, Lavandula Angustifolia (Lavender) Oil, Rosmarinus Officinalis (Rosemary) Leaf Oil, Eucalyptus Globulus Leaf Oil, Citrus Aurantium Dulcis (Orange) Peel Oil, Citrus Grandis (Grapefruit) Peel Oil, Hydrogenated Lecithin, Cholesterol, sh-Polypeptide-1, sh-Polypeptide-8, sh-Polypeptide-9, sh-Polypeptide-45, sh-Polypeptide-22, sh-Oligopeptide-1, sh-Oligopeptide-2, PEG-800, Polysorbate 20, Carbomer, Disodium EDTA, Potassium Hydroxide, Ethylhexylglycerin."
SHISEIDO Benefiance NutriPerfect Day Cream Broad Spectrum SPF 18,"Water, Butylene Glycol, Glycerin, Glycereth-26, Caprylic/Capric Triglyceride, Carthamus Tinctorius (Safflower) Seed Oil, Cyclopentasiloxane, Cyclohexasiloxane, Glyceryl Stearate, PEG-100 Stearate, Polysorbate 60, Sodium Hyaluronate, Butyrospermum Parkii (Shea) Butter, Dimethicone, 1,2-Hexanediol, Cetearyl Alcohol, Phenoxyethanol, Acrylates/C10-30 Alkyl Acrylate Crosspolymer, Egg Yolk Extract, Sodium Polyacrylate, Arginine, Ethylhexylglycerin, Xanthan Gum, Adenosine, Tocopheryl Acetate, Hydrolyzed Collagen, Albumen Extract, Ubiquinone, Disodium EDTA, Fragrance."
PHILOSOPHY Ultimate Miracle Worker Eye Cream,"Water, Glycerin, Dicaprylyl Carbonate, Isononyl Isononanoate, Methyl Methacrylate Crosspolymer, Dimethicone, Cyclopentasiloxane, Tribehenin Peg-20 Esters, Cetyl Alcohol, Isostearyl Isostearate, Trisiloxane, Glyceryl Stearate, Peg-100 Stearate, Cetyl Stearate, Stearic Acid, Bifida Ferment Lysate, Potassium Cetyl Phosphate, Phenoxyethanol, Dimethicone Crosspolymer, Caffeine, Chlorphenesin, Propylene Glycol, Carbomer, Hydroxyethyl Acrylate/Sodium Acryloyldimethyl Taurate Copolymer, Glycine Soja (Soybean) Oil, Sodium Hydroxide, Squalane, Hippophae Rhamnoides Oil, Iris Pallida Root Extract, Ruby Powder, Disodium Edta, Alcohol, Algae Extract, Mica, Lecithin, Ascorbyl Glucoside, Adenosine, Cellulose Gum, Ginkgo Biloba Leaf Extract, Retinol, Peg-8, Polysorbate 20, Polysorbate 60, Calcium Sodium Phosphosilicate, Bht, Acrylates/C10-30 Alkyl Acrylate Crosspolymer, Chitosan, Ethylhexylglycerin, Glycolic Acid, Sorbitan Oleate, Tocopherol, Aesculus Hippocastanum (Horse Chestnut) Seed Extract, Glucose, Lactic Acid, Behentrimonium Chloride, Glycyrrhiza Uralensis (Licorice) Root Extract, Sodium Benzoate, Ascorbyl Palmitate, Potassium Phosphate, Potassium Sorbate, Camellia Sinensis Leaf Extract, Coffea Arabica (Coffee) Seed Extract, Pongamia Pinnata Seed Extract, Isopropyl Alcohol, Acetic Acid, Angelica Archangelica Root Extract, Citrus Aurantium Amara (Bitter Orange) Peel Extract, Maltodextrin, Citric Acid, Magnesium Aluminum Silicate, Xanthan Gum, Ascorbic Acid, Glycyrrhiza Glabra (Licorice) Rhizome/Root Extract, Glycyrrhiza Glabra (Licorice) Root Extract, Caprylyl Glycol, Sclerotium Gum, Bha, Sorbic Acid, Titanium Dioxide (Ci 77891)."
CLINIQUE Super City Block Oil-Free Daily Face Protector Broad Spectrum 40 SPF,"Octinoxate 7.50% , Octisalate 2.00% , Titanium Dioxide 7.30% , Zinc Oxide 9.60%Water , Trioctyldodecyl Citrate , Butylene Glycol , Dimethicone , Octyldodecyl Neopentanoate , Steareth-2 , Silica , Rosa Roxburghii Fruit Extract , Citrus Unshiu Peel Extract , Porphyra Yezoensis (Algae) Extract , Glycyrrhiza Glabra (Licorice) Root Extract , Saccharomyces Lysate Extract , Cucumis Sativus (Cucumber) Fruit Extract , Betula Alba (Birch) Bark Extract , Hordeum Vulgare (Barley) Extract/Extrait D'Orge , Rosmarinus Officinalis (Rosemary) Leaf Extract , Helianthus Annuus (Sunflower) Seedcake , Gentiana Lutea (Gentian) Root Extract , Yeast Extract/Faex/Extrait De Levure , Sodium Rna , Magnesium Ascorbyl Phosphate , Dipotassium Glycyrrhizate , Tocopheryl Acetate , Pantethine , Squalane , Polyglyceryl-6 Polyricinoleate , Propylene Glycol Dicaprate , Chamomilla Recutita (Matricaria) , Hexylene Glycol , Peg/Ppg-18/18 Dimethicone , Caprylyl Glycol , Barium Sulfate , Polyethylene , Magnesium Aluminum Silicate , Lecithin , Ceteth-2 , Peg-40 Stearate , Sodium Stearate , Steareth-20 , Sorbitan Tristearate , Isopropyl Titanium Triisostearate , Xanthan Gum , Stearic Acid , Aluminum Hydroxide , Citric Acid , Disodium Edta , Bht , Phenoxyethanol , Mica , Iron Oxides (Ci 77491, Ci 77492, Ci 77499) , Titanium Dioxide (Ci 77891)"
LANCÔME Hydra Zen Anti-Stress Gel Moisturizer,"Water, Glycerin, Cyclohexasiloxane, Cetearyl Ethylhexanoate, Alcohol Denat., Ammonium Polyacryloyldimethyl Taurate, Ci 14700, Red 4, T-Butyl Alcohol, Madecassoside, Phenoxyethanol, Paeonia Suffruticosa Root Extract, Eugenol, Triethanolamine, Chlorphenesin, Salicylic Acid, Dimethicone, Dimethiconol, Limonene, Xanthan Gum, Benzyl Alcohol, Isopropyl Myristate, Propylene Glycol, Alpha-Isomethyl Ionone, Sorbitol, Moringa Pterygosperma Seed Extract, Disodium Edta, Rosa Gallica Flower Extract, Disodium Phosphate, Butylene Glycol, Butylphenyl Methylpropional, Citric Acid, Fragrance."
OLEHENRIKSEN Banana Bright Eye Crème,"Water, Simmondsia Chinensis (Jojoba) Seed Oil, Butyrospermum Parkii (Shea) Butter, Isododecane, Coconut Alkanes, Tetrahexyldecyl Ascorbate, Polyglyceryl-3 Rice Branate, Polyglyceryl-3 Beeswax, Cetearyl Alcohol, 3-0-Ethyl Ascorbic Acid, Glycerin, Dilinoleic Acid/Propanediol Copolymer, Polymethylsilsesquioxane, Cocoyl Proline, Pentaerythrityl Tetraisostearate, Dimethicone Crosspolymer, HDI/Trimethylol Hexyllactone Crosspolymer, Polyacrylate-13, Mica, Polysorbate 20, Caprylyl Glycol, Titanium Dioxide (CI 77891), Polyglyceryl-6 Ricinoleate, Polyglyceryl-6 Caprylate, Polyglyceryl-4 Caprate, Polyglyceryl-3 Cocoate, Phenoxyethanol, Coco-Caprylate/Caprate, Polyisobutene, Acrylates/C10-30 Alkyl Acrylate Crosspolymer, Parfum/Fragrance, Tamarindus Indica Seed Polysaccharide, Tocopheryl Acetate, Rosa Canina Fruit Extract, Lycium Barbarum Fruit Extract, Hippophae Rhamnoides Extract, Citrus Limon (Lemon) Fruit Extract, Citrus Aurantium Dulcis (Orange) Fruit Extract, Sodium Hydroxide, Sorbic Acid, Iron Oxides (CI 77491), Leuconostoc/Radish Root Ferment Filtrate, Sorbitan Isostearate, Silica, Sodium Benzoate, Propanediol, Vegetable Collagen, Aroma/Flavor, Ascorbic Acid, Linoleic Acid, Pullulan, Nannochloropsis Oculata Extract, Linolenic Acid, Citric Acid, Potassium Sorbate, Tocopherol, Citral, Limonene, Linalool."
DIOR Capture Totale Multi-Perfection Creme Refill,"Water, Butylene Glycol, Glycerin, Glycereth-26, Caprylic/Capric Triglyceride, Carthamus Tinctorius (Safflower) Seed Oil, Cyclopentasiloxane, Cyclohexasiloxane, Glyceryl Stearate, PEG-100 Stearate, Polysorbate 60, Sodium Hyaluronate, Butyrospermum Parkii (Shea) Butter, Dimethicone, 1,2-Hexanediol, Cetearyl Alcohol, Phenoxyethanol, Acrylates/C10-30 Alkyl Acrylate Crosspolymer, Egg Yolk Extract, Sodium Polyacrylate, Arginine, Ethylhexylglycerin, Xanthan Gum, Adenosine, Tocopheryl Acetate, Hydrolyzed Collagen, Albumen Extract, Ubiquinone, Disodium EDTA, Fragrance."
KATE SOMERVILLE Wrinkle Warrior® Pink Plumping Mask,"Water, Propanediol, Glycerin, Pyrus Malus (Apple) Fruit Extract, Hydrolyzed Hyaluronic Acid, Sodium Hyaluronate, Methylglucoside Phosphate, Copper Lysinate/Prolinate, Disodium Acetyl Glucosamine Phosphate, Chondrus Crispus Extract, Adenosine, Gluconolactone, Carbomer, 1,2-Hexanediol, Sodium Hydroxide, Caprylhydroxamic Acid, Disodium EDTA, PEG-40 Hydrogenated Castor Oil, PPG-26-Buteth-26, Calcium Sodium Borosilicate, Fragrance (Parfum), Sodium Benzoate, Phenoxyethanol, Titanium Dioxide (CI 77891), Tin Oxide (CI 77861), Red 40 (CI 16035), Red 33 (CI 17200)."
BIOSSANCE 100% Squalane Oil,-100 Percent Sugarcane-Derived Squalane.
ESTÉE LAUDER Resilience Lift Firming/Sculpting Eye Creme,"Res Lift Frm/Sclp Eye Creme Division: El (Estee Lauder)Ingredients: Water , Butyrospermum Parkii (Shea Butter) , Butylene Glycol , Dimethicone , Cetearyl Alcohol , Cetyl Esters , Glycerin , Cetyl Alcohol , Isostearyl Neopentanoate , Polybutene , Cucumis Melo (Melon) Fruit Extract , Mimosa Tenuiflora Bark Extract , Narcissus Tazetta Bulb Extract , Plankton Extract , Caffeine , Malachite , Laminaria Digitata Extract , Algae Extract , Artemia Extract , Persea Gratissima (Avocado) Oil , Whey Protein/Lactis Protein/Proteine Du Petit-Lait , Cholesterol , Yeast Extract/Faex/Extrait De Levure , Anthemis Nobilis (Chamomile) , Saccharomyces Ferment Lysate Filtrate , Acetyl Hexapeptide-8 , Lecithin , Methyl Glucose Sesquistearate , Sorbitol , Polyethylene , Cetearyl Glucoside , Neopentyl Glycol Diheptanoate , Acetyl Glucosamine , Caprylyl Glycol , Sodium Hyaluronate , 1,2-Hexanediol , Lauryl Pca , Linoleic Acid , Tocopheryl Acetate , Polymethyl Methacrylate , Acrylates/C10-30 Alkyl Acrylate Crosspolymer , Trehalose , Zinc Pca , Aminopropyl Ascorbyl Phosphate , Propylene Glycol Dicaprylate , Cholesterol/Potassium Sulfate , Decarboxy Carnosine Hcl , Maltodextrin , Ergothioneine , Polyaminopropyl Biguanide , Carbomer , Hydrogenated Starch Hydrolysate , Citric Acid , Sodium Hydroxide , Disodium Edta , Bht , Phenoxyethanol , Iron Oxides (Ci 77491, Ci 77492, Ci 77499) , Titanium Dioxide (Ci 77891) , Mica"
OMOROVICZA Ultramoor Mud Mask,"-Essential Oils of Sage, Chamomile, Rosemary, Rose Geranium and Camphor: Provide a cooling and soothing effect. -Marine Exopolysaccharides: Create the appearance of plumper skin and diminish the look of fine lines. -Hungarian Moor Mud: Purifies and detoxifies while providing essential minerals calcium, magnesium carbonates, humic acid, and fulvic acid. -Hectorite Clay: Draws out impurities and hydrates the skin. -A Complex of Oligopeptides and Amino Acids: Gently resurface the skin, eliminating dead cells for a brighter, smoother-looking and more even-toned complexion. -Omorovicza’s patented Hydro Mineral Transference™ Delivery System: Leaves skin looking firmer and more supple."
